,Name,Team,Type,ValueinCR,National Side,Batting Style,Bowling,MatchPlayed,InningsBatted,NotOuts,RunsScored,HighestInnScore,100s,50s,4s,6s,BattingAVG,BattingS/R,CatchesTaken,StumpingsMade,Ducks,R/O,InningsBowled,Overs,Maidens,RunsConceded,Wickets,Best,3s,5s,BowlingAVG,EconomyRate,S/R,Mtc,IPL Matches,Capped / Uncapped ,IPL 2021 Team,Previous IPL Team(s),Pre-Auction,Purse Deduction
0,Mayank Agarwal,PBKS,Batsman ,120000000.0,India,Right Handed,Off break,100.0,95.0,4.0,2131.0,106 v RR,1.0,11.0,203.0,85.0,23.41,135.47,40.0,0.0,6.0,4.0,0.0,0.0,0.0,0.0,0.0,No record found,0.0,0.0,0.0,0.0,0.0,0.0,0.0,No record found,No record found,No record found,Retained,140000000.0
1,Liam Livingstone,PBKS,All-Rounder ,115000000.0,England,Right Handed,Leg break,9.0,9.0,1.0,112.0,44 v SRH,0.0,0.0,9.0,6.0,14.0,125.84,7.0,0.0,0.0,0.0,1.0,1.0,0.0,13.0,0.0,0/13 v MI,0.0,0.0,0.0,13.0,0.0,1.0,9.0,Capped,RR,RR,Auctioned,115000000.0
2,Kagiso Rabada,PBKS,Bowler ,92500000.0,South Africa,Left Handed,Right-arm fast,50.0,18.0,8.0,138.0,44 v MI,0.0,0.0,11.0,4.0,13.8,102.98,23.0,0.0,5.0,2.0,50.0,190.0,2.0,1560.0,76.0,4/21 v RCB,4.0,0.0,20.52,8.21,15.0,50.0,50.0,Capped,DC,DC,Auctioned,92500000.0
3,Shahrukh Khan,PBKS,All-Rounder ,90000000.0,India,Right Handed,Off break,11.0,10.0,3.0,153.0,47 v CSK,0.0,0.0,9.0,10.0,21.85,134.21,4.0,0.0,1.0,1.0,0.0,0.0,0.0,0.0,0.0,No record found,0.0,0.0,0.0,0.0,0.0,0.0,0.0,No record found,No record found,No record found,Auctioned,90000000.0
4,Shikhar Dhawan,PBKS,Batsman ,82500000.0,India,Left Handed,Off break,192.0,191.0,25.0,5784.0,106* v PBKS,2.0,44.0,654.0,124.0,34.84,126.64,82.0,0.0,11.0,16.0,6.0,8.0,0.0,66.0,4.0,1/7 v DC,0.0,0.0,16.5,8.25,12.0,6.0,192.0,Capped,DC,"MI, DCH, SRH, DC",Auctioned,82500000.0
5,Jonny Bairstow,PBKS,Wicket-Keeper ,67500000.0,England,Right Handed,Right-arm medium,28.0,28.0,3.0,1038.0,114 v RCB,1.0,7.0,99.0,46.0,41.52,142.19,18.0,4.0,2.0,0.0,0.0,0.0,0.0,0.0,0.0,No record found,0.0,0.0,0.0,0.0,0.0,0.0,28.0,Capped,SRH,SRH,Auctioned,67500000.0
6,Odean Smith,PBKS,All-Rounder ,60000000.0,West Indies,Right Handed,Right-arm medium,0.0,0.0,0.0,0.0,No record found,0.0,0.0,0.0,0.0,0.0,0.0,0.0,0.0,0.0,0.0,0.0,0.0,0.0,0.0,0.0,No record found,0.0,0.0,0.0,0.0,0.0,0.0,0.0,Capped,No record found,No record found,Auctioned,60000000.0
7,Rahul Chahar,PBKS,Bowler ,52500000.0,India,Right Handed,Leg break googly,42.0,11.0,4.0,31.0,10 v SRH,0.0,0.0,3.0,0.0,4.42,96.87,11.0,0.0,4.0,1.0,41.0,150.0,0.0,1117.0,43.0,4/27 v KKR,3.0,0.0,25.97,7.44,20.93,41.0,42.0,Capped,MI,"RPS, MI",Auctioned,52500000.0
8,Arshdeep Singh,PBKS,Bowler ,40000000.0,India,Left Handed,Left-arm medium fast,23.0,3.0,2.0,2.0,1* v KKR,0.0,0.0,0.0,0.0,2.0,33.33,6.0,0.0,1.0,0.0,23.0,76.1,1.0,669.0,30.0,5/32 v RR,3.0,1.0,22.3,8.78,15.23,23.0,0.0,No record found,No record found,No record found,Retained,40000000.0
9,Harpreet Brar,PBKS,All-Rounder ,38000000.0,India,Left Handed,Slow left-arm orthodox,10.0,6.0,6.0,84.0,25* v RCB,0.0,0.0,5.0,3.0,0.0,120.0,2.0,0.0,0.0,0.0,10.0,32.0,1.0,228.0,5.0,3/19 v RCB,1.0,0.0,45.6,7.12,38.4,10.0,10.0,Uncapped,PBKS,PBKS,Auctioned,38000000.0
10,Vaibhav Arora,PBKS,Bowler ,20000000.0,India,Right Handed,Right-arm fast medium,0.0,0.0,0.0,0.0,No record found,0.0,0.0,0.0,0.0,0.0,0.0,0.0,0.0,0.0,0.0,0.0,0.0,0.0,0.0,0.0,No record found,0.0,0.0,0.0,0.0,0.0,0.0,0.0,Uncapped,KKR,KKR,Auctioned,20000000.0
11,Raj Bawa,PBKS,All-Rounder ,20000000.0,India,Left Handed,Right-arm medium fast,0.0,0.0,0.0,0.0,No record found,0.0,0.0,0.0,0.0,0.0,0.0,0.0,0.0,0.0,0.0,0.0,0.0,0.0,0.0,0.0,No record found,0.0,0.0,0.0,0.0,0.0,0.0,0.0,Uncapped,No record found,No record found,Auctioned,20000000.0
12,Nathan Ellis,PBKS,Bowler ,7500000.0,Australia,Right Handed,Right-arm fast medium,3.0,2.0,1.0,18.0,12 v SRH,0.0,0.0,0.0,1.0,18.0,112.5,0.0,0.0,0.0,0.0,3.0,11.0,0.0,90.0,1.0,1/12 v MI,0.0,0.0,90.0,8.18,66.0,3.0,3.0,Capped,PBKS,PBKS,Auctioned,7500000.0
13,Prabhsimran Singh,PBKS,Wicket-Keeper ,6000000.0,India,Right Handed,Unknown Bowling Style,5.0,5.0,0.0,50.0,16 v SRH,0.0,0.0,4.0,2.0,10.0,90.9,2.0,0.0,0.0,0.0,0.0,0.0,0.0,0.0,0.0,No record found,0.0,0.0,0.0,0.0,0.0,0.0,5.0,Uncapped,PBKS,PBKS,Auctioned,6000000.0
14,Rishi Dhawan,PBKS,All-Rounder ,5500000.0,India,Right Handed,Right-arm medium fast,26.0,17.0,10.0,153.0,25* v CSK,0.0,0.0,13.0,4.0,21.85,113.33,6.0,0.0,2.0,1.0,25.0,81.2,1.0,640.0,18.0,2/14 v RCB,0.0,0.0,35.55,7.86,27.11,25.0,26.0,Capped,No record found,"MI, PBKS, KKR",Auctioned,5500000.0
15,Bhanuka Rajapaksa,PBKS,Batsman ,5000000.0,Sri Lanka,Unknown Batting Style,Unknown Bowling Style,0.0,0.0,0.0,0.0,No record found,0.0,0.0,0.0,0.0,0.0,0.0,0.0,0.0,0.0,0.0,0.0,0.0,0.0,0.0,0.0,No record found,0.0,0.0,0.0,0.0,0.0,0.0,0.0,Capped,No record found,No record found,Auctioned,5000000.0
16,Sandeep Sharma,PBKS,Bowler ,5000000.0,India,Right Handed,Right-arm medium,99.0,25.0,19.0,52.0,9 v RCB,0.0,0.0,4.0,0.0,8.66,81.25,12.0,0.0,9.0,1.0,99.0,366.2,8.0,2849.0,112.0,4/20 v DC,9.0,0.0,25.43,7.77,19.62,99.0,99.0,Capped,SRH,"PBKS, SRH",Auctioned,5000000.0
17,Benny Howell,PBKS,All-Rounder ,4000000.0,England,Unknown Batting Style,Unknown Bowling Style,0.0,0.0,0.0,0.0,No record found,0.0,0.0,0.0,0.0,0.0,0.0,0.0,0.0,0.0,0.0,0.0,0.0,0.0,0.0,0.0,No record found,0.0,0.0,0.0,0.0,0.0,0.0,0.0,Uncapped,No record found,No record found,Auctioned,4000000.0
18,Ishan Porel,PBKS,Bowler ,2500000.0,India,Right Handed,Right-arm medium,1.0,0.0,0.0,0.0,No record found,0.0,0.0,0.0,0.0,0.0,0.0,0.0,0.0,0.0,0.0,1.0,4.0,0.0,39.0,1.0,1/39 v RR,0.0,0.0,39.0,9.75,24.0,1.0,1.0,Uncapped,PBKS,PBKS,Auctioned,2500000.0
19,Prerak Mankad,PBKS,All-Rounder ,2000000.0,India,Right Handed,Right-arm medium,0.0,0.0,0.0,0.0,No record found,0.0,0.0,0.0,0.0,0.0,0.0,0.0,0.0,0.0,0.0,0.0,0.0,0.0,0.0,0.0,No record found,0.0,0.0,0.0,0.0,0.0,0.0,0.0,Uncapped,No record found,No record found,Auctioned,2000000.0
20,Atharva Taide,PBKS,All-Rounder ,2000000.0,India,Left Handed,Slow left-arm orthodox,0.0,0.0,0.0,0.0,No record found,0.0,0.0,0.0,0.0,0.0,0.0,0.0,0.0,0.0,0.0,0.0,0.0,0.0,0.0,0.0,No record found,0.0,0.0,0.0,0.0,0.0,0.0,0.0,Uncapped,No record found,No record found,Auctioned,2000000.0
21,Ansh Patel,PBKS,All-Rounder ,2000000.0,India,Right Handed,Slow left-arm orthodox,0.0,0.0,0.0,0.0,No record found,0.0,0.0,0.0,0.0,0.0,0.0,0.0,0.0,0.0,0.0,0.0,0.0,0.0,0.0,0.0,No record found,0.0,0.0,0.0,0.0,0.0,0.0,0.0,Uncapped,No record found,No record found,Auctioned,2000000.0
22,Jitesh Sharma,PBKS,Wicket-Keeper ,2000000.0,India,Right Handed,Unknown Bowling Style,0.0,0.0,0.0,0.0,No record found,0.0,0.0,0.0,0.0,0.0,0.0,0.0,0.0,0.0,0.0,0.0,0.0,0.0,0.0,0.0,No record found,0.0,0.0,0.0,0.0,0.0,0.0,0.0,Uncapped,No record found,MI,Auctioned,2000000.0
23,Writtick Chatterjee,PBKS,All-Rounder ,2000000.0,India,Right Handed,Off break,0.0,0.0,0.0,0.0,No record found,0.0,0.0,0.0,0.0,0.0,0.0,0.0,0.0,0.0,0.0,0.0,0.0,0.0,0.0,0.0,No record found,0.0,0.0,0.0,0.0,0.0,0.0,0.0,Uncapped,No record found,No record found,Auctioned,2000000.0
24,Baltej Singh,PBKS,Bowler ,2000000.0,India,Right Handed,Right-arm medium,0.0,0.0,0.0,0.0,No record found,0.0,0.0,0.0,0.0,0.0,0.0,0.0,0.0,0.0,0.0,0.0,0.0,0.0,0.0,0.0,No record found,0.0,0.0,0.0,0.0,0.0,0.0,0.0,Uncapped,No record found,No record found,Auctioned,2000000.0
25,Kane Williamson,SRH,Batsman ,140000000.0,New Zealand,Right Handed,Off break,63.0,62.0,15.0,1885.0,89 v DC,0.0,17.0,165.0,56.0,40.1,131.26,29.0,0.0,1.0,3.0,2.0,3.0,0.0,31.0,0.0,0/7 v KKR,0.0,0.0,0.0,10.33,0.0,2.0,0.0,No record found,No record found,No record found,Retained,140000000.0
26,Nicholas Pooran,SRH,Wicket-Keeper ,107500000.0,West Indies,Left Handed,Unknown Bowling Style,33.0,31.0,4.0,606.0,77 v SRH,0.0,2.0,35.0,44.0,22.44,154.98,11.0,0.0,5.0,1.0,0.0,0.0,0.0,0.0,0.0,No record found,0.0,0.0,0.0,0.0,0.0,0.0,33.0,Capped,PBKS,"MI, PBKS",Auctioned,107500000.0
27,Washington Sundar,SRH,All-Rounder ,87500000.0,India,Left Handed,Off break,42.0,26.0,10.0,217.0,35 v RR,0.0,0.0,17.0,6.0,13.56,111.28,9.0,0.0,4.0,0.0,41.0,125.0,1.0,867.0,27.0,3/16 v MI,2.0,0.0,32.11,6.93,27.77,41.0,42.0,Capped,RCB,"RPS, RCB",Auctioned,87500000.0
28,Rahul Tripathi,SRH,Batsman ,85000000.0,India,Right Handed,Right-arm medium,62.0,60.0,7.0,1385.0,93 v KKR,0.0,7.0,136.0,48.0,26.13,136.31,23.0,0.0,1.0,4.0,1.0,1.0,0.0,12.0,0.0,0/12 v KKR,0.0,0.0,0.0,12.0,0.0,1.0,62.0,Uncapped,KKR,"RPS, RR, KKR",Auctioned,85000000.0
29,Romario Shepherd,SRH,All-Rounder ,77500000.0,West Indies,Right Handed,Right-arm medium fast,0.0,0.0,0.0,0.0,No record found,0.0,0.0,0.0,0.0,0.0,0.0,0.0,0.0,0.0,0.0,0.0,0.0,0.0,0.0,0.0,No record found,0.0,0.0,0.0,0.0,0.0,0.0,0.0,Capped,No record found,No record found,Auctioned,77500000.0
30,Abhishek Sharma,SRH,All-Rounder ,65000000.0,India,Left Handed,Slow left-arm orthodox,22.0,20.0,6.0,241.0,46* v RCB,0.0,0.0,17.0,12.0,17.21,139.3,5.0,0.0,0.0,1.0,14.0,22.0,0.0,176.0,7.0,2/4 v MI,0.0,0.0,25.14,8.0,18.85,14.0,22.0,Uncapped,SRH,"DC, SRH",Auctioned,65000000.0
31,Bhuvneshwar Kumar,SRH,Bowler ,42000000.0,India,Right Handed,Right-arm medium,132.0,51.0,25.0,217.0,24* v CSK,0.0,0.0,20.0,3.0,8.34,96.87,27.0,0.0,9.0,4.0,132.0,491.3,9.0,3588.0,142.0,5/19 v PBKS,9.0,1.0,25.26,7.3,20.76,132.0,132.0,Capped,SRH,"RCB, PWI, SRH",Auctioned,42000000.0
32,Marco Jansen,SRH,All-Rounder ,42000000.0,South Africa,Right Handed,Left-arm fast,2.0,2.0,0.0,0.0,0 v KKR,0.0,0.0,0.0,0.0,0.0,0.0,1.0,0.0,2.0,0.0,2.0,6.0,0.0,45.0,2.0,2/28 v RCB,0.0,0.0,22.5,7.5,18.0,2.0,2.0,Capped,MI,MI,Auctioned,42000000.0
33,Umran Malik,SRH,Bowler ,40000000.0,India,Right Handed,Right-arm medium fast,3.0,0.0,0.0,0.0,No record found,0.0,0.0,0.0,0.0,0.0,0.0,0.0,0.0,0.0,0.0,3.0,12.0,0.0,96.0,2.0,1/21 v RCB,0.0,0.0,48.0,8.0,36.0,3.0,0.0,No record found,No record found,No record found,Retained,40000000.0
34,Abdul Samad,SRH,Batsman ,40000000.0,India,Right Handed,Leg break,23.0,18.0,4.0,222.0,33 v DC,0.0,0.0,12.0,14.0,15.85,146.05,13.0,0.0,2.0,1.0,4.0,8.0,0.0,105.0,2.0,1/9 v PBKS,0.0,0.0,52.5,13.12,24.0,4.0,0.0,No record found,No record found,No record found,Retained,40000000.0
35,T Natarajan,SRH,Bowler ,40000000.0,India,Left Handed,Left-arm medium,24.0,4.0,4.0,3.0,3* v RCB,0.0,0.0,0.0,0.0,0.0,60.0,3.0,0.0,3.0,0.0,24.0,83.3,1.0,688.0,20.0,2/24 v PBKS,0.0,0.0,34.4,8.23,25.05,24.0,0.0,No record found,No record found,No record found,Auctioned,40000000.0
36,Kartik Tyagi,SRH,Bowler ,40000000.0,India,Right Handed,Right-arm medium fast,14.0,5.0,3.0,6.0,2* v DC,0.0,0.0,0.0,0.0,3.0,60.0,3.0,0.0,1.0,0.0,14.0,52.1,0.0,491.0,13.0,2/29 v PBKS,0.0,0.0,37.76,9.41,24.07,14.0,14.0,Uncapped,RR,RR,Auctioned,40000000.0
37,Aiden Markram,SRH,Batsman ,26000000.0,South Africa,Right Handed,Off break,6.0,6.0,1.0,146.0,42 v MI,0.0,0.0,12.0,4.0,29.2,122.68,3.0,0.0,0.0,0.0,2.0,4.0,0.0,23.0,0.0,0/5 v RCB,0.0,0.0,0.0,5.75,0.0,2.0,6.0,Capped,PBKS,PBKS,Auctioned,26000000.0
38,Sean Abbott,SRH,Bowler ,24000000.0,Australia,Right Handed,Right-arm fast medium,2.0,2.0,0.0,15.0,14 v SRH,0.0,0.0,1.0,1.0,7.5,115.38,0.0,0.0,0.0,1.0,2.0,5.0,0.0,57.0,0.0,0/21 v SRH,0.0,0.0,0.0,11.4,0.0,2.0,2.0,Capped,No record found,RCB,Auctioned,24000000.0
39,Glenn Phillips,SRH,Wicket-Keeper ,15000000.0,New Zealand,Right Handed,Off break,3.0,3.0,1.0,26.0,14* v CSK,0.0,0.0,1.0,2.0,13.0,78.78,1.0,0.0,0.0,0.0,2.0,2.0,0.0,20.0,1.0,1/17 v KKR,0.0,0.0,20.0,10.0,12.0,2.0,3.0,Capped,RR,RR,Auctioned,15000000.0
40,Shreyas Gopal,SRH,Bowler ,7500000.0,India,Right Handed,Leg break,48.0,21.0,7.0,171.0,24 v PBKS,0.0,0.0,17.0,2.0,12.21,105.55,11.0,0.0,4.0,2.0,47.0,155.1,1.0,1247.0,48.0,4/16 v RCB,4.0,0.0,25.97,8.03,19.39,47.0,48.0,Uncapped,RR,"MI, RR",Auctioned,7500000.0
41,Fazalhaq Farooqi,SRH,Bowler ,5000000.0,Afghanistan,Right Handed,Left-arm medium,0.0,0.0,0.0,0.0,No record found,0.0,0.0,0.0,0.0,0.0,0.0,0.0,0.0,0.0,0.0,0.0,0.0,0.0,0.0,0.0,No record found,0.0,0.0,0.0,0.0,0.0,0.0,0.0,Capped,No record found,No record found,Auctioned,5000000.0
42,Vishnu Vinod,SRH,Wicket-Keeper ,5000000.0,India,Right Handed,Unknown Bowling Style,3.0,3.0,0.0,19.0,9 v DC,0.0,0.0,1.0,1.0,6.33,73.07,0.0,2.0,0.0,1.0,0.0,0.0,0.0,0.0,0.0,No record found,0.0,0.0,0.0,0.0,0.0,0.0,3.0,Uncapped,DC,"RCB, DC",Auctioned,5000000.0
43,Priyam Garg,SRH,Batsman ,2000000.0,India,Right Handed,Right-arm medium,19.0,15.0,1.0,205.0,51* v CSK,0.0,1.0,11.0,7.0,14.64,110.81,6.0,0.0,2.0,1.0,0.0,0.0,0.0,0.0,0.0,No record found,0.0,0.0,0.0,0.0,0.0,0.0,19.0,Uncapped,SRH,SRH,Auctioned,2000000.0
44,Saurabh Dubey,SRH,Bowler ,2000000.0,India,Right Handed,Left-arm medium fast,0.0,0.0,0.0,0.0,No record found,0.0,0.0,0.0,0.0,0.0,0.0,0.0,0.0,0.0,0.0,0.0,0.0,0.0,0.0,0.0,No record found,0.0,0.0,0.0,0.0,0.0,0.0,0.0,Uncapped,No record found,No record found,Auctioned,2000000.0
45,Jagadeesha Suchith,SRH,Bowler ,2000000.0,India,Left Handed,Slow left-arm orthodox,17.0,8.0,6.0,68.0,34* v PBKS,0.0,0.0,6.0,3.0,34.0,128.3,9.0,0.0,2.0,1.0,16.0,52.0,0.0,462.0,12.0,2/14 v SRH,0.0,0.0,38.5,8.88,26.0,16.0,17.0,Uncapped,SRH,"MI, DC, PBKS, SRH",Auctioned,2000000.0
46,Shashank Singh,SRH,All-Rounder ,2000000.0,India,Right Handed,Off break,0.0,0.0,0.0,0.0,No record found,0.0,0.0,0.0,0.0,0.0,0.0,0.0,0.0,0.0,0.0,0.0,0.0,0.0,0.0,0.0,No record found,0.0,0.0,0.0,0.0,0.0,0.0,0.0,Uncapped,No record found,"DC, RR",Auctioned,2000000.0
47,Ravikumar Samarth,SRH,Batsman ,2000000.0,India,Unknown Batting Style,Unknown Bowling Style,0.0,0.0,0.0,0.0,No record found,0.0,0.0,0.0,0.0,0.0,0.0,0.0,0.0,0.0,0.0,0.0,0.0,0.0,0.0,0.0,No record found,0.0,0.0,0.0,0.0,0.0,0.0,0.0,Uncapped,No record found,No record found,Auctioned,2000000.0
48,Sanju Samson,RR,Wicket-Keeper ,140000000.0,India,Right Handed,Unknown Bowling Style,121.0,117.0,12.0,3068.0,119 v PBKS,3.0,15.0,236.0,132.0,29.21,134.2,59.0,10.0,8.0,6.0,0.0,0.0,0.0,0.0,0.0,No record found,0.0,0.0,0.0,0.0,0.0,0.0,0.0,No record found,No record found,No record found,Retained,140000000.0
49,Prasidh Krishna,RR,Bowler ,100000000.0,India,Right Handed,Right-arm medium fast,34.0,7.0,5.0,3.0,2* v RCB,0.0,0.0,0.0,0.0,1.5,25.0,7.0,0.0,5.0,1.0,34.0,124.2,0.0,1152.0,30.0,4/30 v SRH,2.0,0.0,38.4,9.26,24.86,34.0,34.0,Capped,KKR,KKR,Auctioned,100000000.0
50,Jos Buttler,RR,Wicket-Keeper ,100000000.0,England,Right Handed,Unknown Bowling Style,65.0,64.0,8.0,1968.0,124 v SRH,1.0,11.0,194.0,90.0,35.14,150.0,34.0,1.0,1.0,3.0,0.0,0.0,0.0,0.0,0.0,No record found,0.0,0.0,0.0,0.0,0.0,0.0,0.0,No record found,No record found,No record found,Retained,100000000.0
51,Shimron Hetmyer,RR,Batsman ,85000000.0,West Indies,Left Handed,Unknown Bowling Style,31.0,29.0,9.0,517.0,75 v SRH,0.0,2.0,34.0,31.0,25.85,151.17,14.0,0.0,3.0,2.0,0.0,0.0,0.0,0.0,0.0,No record found,0.0,0.0,0.0,0.0,0.0,0.0,31.0,Capped,DC,"RCB, DC",Auctioned,85000000.0
52,Trent Boult,RR,Bowler ,80000000.0,New Zealand,Right Handed,Left-arm fast medium,62.0,10.0,7.0,13.0,6 v CSK,0.0,0.0,0.0,1.0,4.33,68.42,23.0,0.0,6.0,0.0,62.0,236.1,5.0,1983.0,76.0,4/18 v CSK,5.0,0.0,26.09,8.39,18.64,62.0,62.0,Capped,MI,"SRH, KKR, DC, MI",Auctioned,80000000.0
53,Devdutt Padikkal,RR,Batsman ,77500000.0,India,Left Handed,Off break,29.0,29.0,1.0,884.0,101* v RR,1.0,6.0,95.0,22.0,31.57,125.03,15.0,0.0,2.0,1.0,0.0,0.0,0.0,0.0,0.0,No record found,0.0,0.0,0.0,0.0,0.0,0.0,29.0,Capped,RCB,RCB,Auctioned,77500000.0
54,Yuzvendra Chahal,RR,Bowler ,65000000.0,India,Right Handed,Leg break googly,114.0,18.0,12.0,32.0,8* v CSK,0.0,0.0,0.0,0.0,5.33,41.02,24.0,0.0,5.0,2.0,113.0,408.0,4.0,3097.0,139.0,4/25 v PBKS,9.0,0.0,22.28,7.59,17.61,113.0,114.0,Capped,RCB,"MI, RCB",Auctioned,65000000.0
55,Ravichandran Ashwin,RR,All-Rounder ,50000000.0,India,Right Handed,Off break,167.0,63.0,22.0,456.0,45 v KKR,0.0,0.0,37.0,12.0,11.12,109.88,37.0,0.0,15.0,5.0,164.0,583.0,4.0,4031.0,145.0,4/34 v PBKS,6.0,0.0,27.8,6.91,24.12,164.0,167.0,Capped,DC,"CSK, RPS, PBKS, DC",Auctioned,50000000.0
56,Yashasvi Jaiswal,RR,Batsman ,40000000.0,India,Left Handed,Leg break,13.0,13.0,0.0,289.0,50 v CSK,0.0,1.0,34.0,12.0,22.23,136.32,4.0,0.0,2.0,0.0,0.0,0.0,0.0,0.0,0.0,No record found,0.0,0.0,0.0,0.0,0.0,0.0,0.0,No record found,No record found,No record found,Retained,40000000.0
57,Riyan Parag,RR,All-Rounder ,38000000.0,India,Right Handed,Leg break,30.0,23.0,3.0,339.0,50 v DC,0.0,1.0,29.0,12.0,16.95,118.53,12.0,0.0,3.0,2.0,15.0,22.1,0.0,221.0,3.0,1/7 v PBKS,0.0,0.0,73.66,9.96,44.33,15.0,30.0,Uncapped,RR,RR,Auctioned,38000000.0
58,Navdeep Saini,RR,Bowler ,26000000.0,India,Right Handed,Right-arm fast,28.0,6.0,3.0,31.0,12* v DC,0.0,0.0,3.0,0.0,10.33,88.57,6.0,0.0,1.0,0.0,28.0,97.4,1.0,828.0,17.0,2/24 v DC,0.0,0.0,48.7,8.47,34.47,28.0,28.0,Capped,RCB,"DC, RCB",Auctioned,26000000.0
59,Nathan Coulter-Nile,RR,Bowler ,20000000.0,Australia,Right Handed,Right-arm fast,38.0,16.0,5.0,81.0,24* v PBKS,0.0,0.0,7.0,4.0,7.36,115.71,12.0,0.0,1.0,1.0,37.0,139.5,1.0,1052.0,48.0,4/14 v RR,5.0,0.0,21.91,7.52,17.47,37.0,38.0,Capped,MI,"DC, KKR, RCB, MI",Auctioned,20000000.0
60,James Neesham,RR,All-Rounder ,15000000.0,New Zealand,Left Handed,Right-arm medium fast,12.0,8.0,1.0,61.0,22 v CSK,0.0,0.0,3.0,2.0,8.71,92.42,1.0,0.0,2.0,0.0,12.0,33.0,0.0,305.0,8.0,3/12 v RR,1.0,0.0,38.12,9.24,24.75,12.0,12.0,Capped,MI,"DC, KKR, PBKS, MI",Auctioned,15000000.0
61,Karun Nair,RR,Batsman ,14000000.0,India,Right Handed,Off break,73.0,66.0,5.0,1480.0,83* v SRH,0.0,10.0,160.0,39.0,24.26,128.36,22.0,0.0,3.0,1.0,0.0,0.0,0.0,0.0,0.0,No record found,0.0,0.0,0.0,0.0,0.0,0.0,73.0,Capped,KKR,"RCB, RR, DC, PBKS, KKR",Auctioned,14000000.0
62,Rassie van der Dussen,RR,Batsman ,10000000.0,South Africa,Unknown Batting Style,Unknown Bowling Style,0.0,0.0,0.0,0.0,No record found,0.0,0.0,0.0,0.0,0.0,0.0,0.0,0.0,0.0,0.0,0.0,0.0,0.0,0.0,0.0,No record found,0.0,0.0,0.0,0.0,0.0,0.0,0.0,Capped,No record found,No record found,Auctioned,10000000.0
63,Obed McCoy,RR,Bowler ,7500000.0,West Indies,Left Handed,Left-arm medium fast,0.0,0.0,0.0,0.0,No record found,0.0,0.0,0.0,0.0,0.0,0.0,0.0,0.0,0.0,0.0,0.0,0.0,0.0,0.0,0.0,No record found,0.0,0.0,0.0,0.0,0.0,0.0,0.0,Capped,No record found,No record found,Auctioned,7500000.0
64,Daryl Mitchell,RR,All-Rounder ,7500000.0,New Zealand,Right Handed,Right-arm medium,0.0,0.0,0.0,0.0,No record found,0.0,0.0,0.0,0.0,0.0,0.0,0.0,0.0,0.0,0.0,0.0,0.0,0.0,0.0,0.0,No record found,0.0,0.0,0.0,0.0,0.0,0.0,0.0,Capped,No record found,No record found,Auctioned,7500000.0
65,KC Cariappa,RR,Bowler ,3000000.0,India,Right Handed,Leg break,11.0,5.0,2.0,24.0,12* v RCB,0.0,0.0,0.0,2.0,8.0,114.28,3.0,0.0,0.0,0.0,11.0,36.0,0.0,348.0,8.0,2/16 v RCB,0.0,0.0,43.5,9.66,27.0,11.0,0.0,No record found,No record found,No record found,Auctioned,3000000.0
66,Tejas Baroka,RR,Bowler ,2000000.0,India,Right Handed,Leg break googly,1.0,0.0,0.0,0.0,No record found,0.0,0.0,0.0,0.0,0.0,0.0,0.0,0.0,0.0,0.0,1.0,3.3,0.0,33.0,0.0,0/33 v SRH,0.0,0.0,0.0,9.42,0.0,1.0,1.0,Uncapped,No record found,GL,Auctioned,2000000.0
67,Kuldip Yadav,RR,Bowler ,2000000.0,India,Left Handed,Left-arm medium fast,1.0,1.0,1.0,0.0,0* v MI,0.0,0.0,0.0,0.0,0.0,0.0,0.0,0.0,1.0,0.0,1.0,2.0,0.0,16.0,0.0,0/16 v MI,0.0,0.0,0.0,8.0,0.0,1.0,1.0,Uncapped,RR,RR,Auctioned,2000000.0
68,Dhruv Jurel,RR,Wicket-Keeper ,2000000.0,India,Right Handed,Unknown Bowling Style,0.0,0.0,0.0,0.0,No record found,0.0,0.0,0.0,0.0,0.0,0.0,0.0,0.0,0.0,0.0,0.0,0.0,0.0,0.0,0.0,No record found,0.0,0.0,0.0,0.0,0.0,0.0,0.0,Uncapped,No record found,No record found,Auctioned,2000000.0
69,Kuldeep Sen,RR,Bowler ,2000000.0,India,Right Handed,Right-arm fast medium,0.0,0.0,0.0,0.0,No record found,0.0,0.0,0.0,0.0,0.0,0.0,0.0,0.0,0.0,0.0,0.0,0.0,0.0,0.0,0.0,No record found,0.0,0.0,0.0,0.0,0.0,0.0,0.0,Uncapped,No record found,No record found,Auctioned,2000000.0
70,Shubham Garhwal,RR,All-Rounder ,2000000.0,India,Left Handed,Slow left-arm orthodox,0.0,0.0,0.0,0.0,No record found,0.0,0.0,0.0,0.0,0.0,0.0,0.0,0.0,0.0,0.0,0.0,0.0,0.0,0.0,0.0,No record found,0.0,0.0,0.0,0.0,0.0,0.0,0.0,Uncapped,No record found,No record found,Auctioned,2000000.0
71,Anunay Singh,RR,All-Rounder ,2000000.0,India,Right Handed,Right-arm medium,0.0,0.0,0.0,0.0,No record found,0.0,0.0,0.0,0.0,0.0,0.0,0.0,0.0,0.0,0.0,0.0,0.0,0.0,0.0,0.0,No record found,0.0,0.0,0.0,0.0,0.0,0.0,0.0,Uncapped,No record found,No record found,Auctioned,2000000.0
72,Virat Kohli,RCB,Batsman ,150000000.0,India,Right Handed,Right-arm medium,207.0,199.0,31.0,6283.0,113 v PBKS,5.0,42.0,546.0,210.0,37.39,129.94,84.0,0.0,6.0,7.0,26.0,41.5,0.0,368.0,4.0,2/25 v DCH,0.0,0.0,92.0,8.79,62.75,26.0,0.0,No record found,No record found,No record found,Retained,150000000.0
73,Glenn Maxwell,RCB,All-Rounder ,110000000.0,Australia,Right Handed,Off break,97.0,93.0,13.0,2018.0,95 v CSK,0.0,12.0,166.0,112.0,25.22,151.84,35.0,0.0,12.0,4.0,56.0,107.0,0.0,915.0,22.0,2/15 v RCB,0.0,0.0,41.59,8.55,29.18,56.0,0.0,No record found,No record found,No record found,Retained,110000000.0
74,Harshal Patel,RCB,All-Rounder ,107500000.0,India,Right Handed,Right-arm medium,63.0,28.0,11.0,187.0,36* v CSK,0.0,0.0,11.0,11.0,11.0,134.53,15.0,0.0,9.0,3.0,61.0,210.4,0.0,1808.0,78.0,5/27 v MI,6.0,1.0,23.17,8.58,16.2,61.0,63.0,Capped,RCB,"MI, DC, RCB",Auctioned,107500000.0
75,Wanindu Hasaranga,RCB,All-Rounder ,107500000.0,Sri Lanka,Right Handed,Leg break,2.0,2.0,1.0,1.0,1* v CSK,0.0,0.0,0.0,0.0,1.0,50.0,0.0,0.0,1.0,0.0,2.0,6.0,0.0,60.0,0.0,0/20 v KKR,0.0,0.0,0.0,10.0,0.0,2.0,2.0,Capped,RCB,RCB,Auctioned,107500000.0
76,Josh Hazlewood,RCB,Bowler ,77500000.0,Australia,Left Handed,Right-arm fast medium,12.0,0.0,0.0,0.0,No record found,0.0,0.0,0.0,0.0,0.0,0.0,1.0,0.0,0.0,0.0,12.0,45.0,0.0,357.0,12.0,3/24 v SRH,1.0,0.0,29.75,7.93,22.5,12.0,12.0,Capped,CSK,"MI, CSK",Auctioned,77500000.0
77,Faf du Plessis,RCB,Batsman ,70000000.0,South Africa,Right Handed,Leg break,100.0,93.0,9.0,2935.0,96 v PBKS,0.0,22.0,265.0,96.0,34.94,131.08,66.0,0.0,5.0,9.0,1.0,1.0,0.0,16.0,0.0,0/16 v DCH,0.0,0.0,0.0,16.0,0.0,1.0,100.0,Capped,CSK,"CSK, RPS",Auctioned,70000000.0
78,Mohammed Siraj,RCB,Bowler ,70000000.0,India,Right Handed,Right-arm medium fast,50.0,15.0,10.0,66.0,14 v RR,0.0,0.0,5.0,2.0,13.2,86.84,16.0,0.0,5.0,1.0,50.0,171.2,4.0,1437.0,50.0,4/32 v GL,3.0,0.0,28.74,8.38,20.56,50.0,0.0,No record found,No record found,No record found,Retained,70000000.0
79,Dinesh Karthik,RCB,Wicket-Keeper ,55000000.0,India,Right Handed,Off break,213.0,192.0,35.0,4046.0,97* v RR,0.0,19.0,399.0,112.0,25.77,129.72,123.0,32.0,14.0,12.0,0.0,0.0,0.0,0.0,0.0,No record found,0.0,0.0,0.0,0.0,0.0,0.0,213.0,Capped,KKR,"DC, PBKS, MI, RCB, GL, KKR",Auctioned,55000000.0
80,Anuj Rawat,RCB,Wicket-Keeper ,34000000.0,India,Left Handed,Unknown Bowling Style,2.0,1.0,0.0,0.0,0 v KKR,0.0,0.0,0.0,0.0,0.0,0.0,3.0,0.0,1.0,0.0,0.0,0.0,0.0,0.0,0.0,No record found,0.0,0.0,0.0,0.0,0.0,0.0,2.0,Uncapped,RR,RR,Auctioned,34000000.0
81,Shahbaz Ahmed,RCB,All-Rounder ,24000000.0,India,Left Handed,Slow left-arm orthodox,13.0,8.0,1.0,60.0,14 v SRH,0.0,0.0,4.0,2.0,8.57,111.11,5.0,0.0,0.0,0.0,8.0,20.0,0.0,136.0,9.0,3/7 v SRH,1.0,0.0,15.11,6.8,13.33,8.0,13.0,Uncapped,RCB,RCB,Auctioned,24000000.0
82,David Willey,RCB,All-Rounder ,20000000.0,England,Left Handed,Left-arm fast medium,3.0,0.0,0.0,0.0,No record found,0.0,0.0,0.0,0.0,0.0,0.0,2.0,0.0,0.0,0.0,3.0,10.0,0.0,95.0,2.0,1/24 v RCB,0.0,0.0,47.5,9.5,30.0,3.0,3.0,Capped,No record found,CSK,Auctioned,20000000.0
83,Sherfane Rutherford,RCB,All-Rounder ,10000000.0,West Indies,Left Handed,Right-arm fast medium,7.0,7.0,2.0,73.0,28* v RCB,0.0,0.0,2.0,7.0,14.6,135.18,5.0,0.0,0.0,0.0,6.0,6.5,0.0,59.0,1.0,1/6 v RCB,0.0,0.0,59.0,8.63,41.0,6.0,7.0,Capped,SRH,"DC, MI, SRH",Auctioned,10000000.0
84,Mahipal Lomror,RCB,All-Rounder ,9500000.0,India,Left Handed,Slow left-arm orthodox,11.0,10.0,2.0,181.0,47 v RCB,0.0,0.0,8.0,9.0,22.62,119.86,1.0,0.0,0.0,0.0,6.0,10.0,0.0,74.0,1.0,1/22 v SRH,0.0,0.0,74.0,7.4,60.0,6.0,11.0,Uncapped,RR,"DC, RR",Auctioned,9500000.0
85,Finn Allen,RCB,Batsman ,8000000.0,New Zealand,Right Handed,Unknown Bowling Style,0.0,0.0,0.0,0.0,No record found,0.0,0.0,0.0,0.0,0.0,0.0,0.0,0.0,0.0,0.0,0.0,0.0,0.0,0.0,0.0,No record found,0.0,0.0,0.0,0.0,0.0,0.0,0.0,Capped,RCB,RCB,Auctioned,8000000.0
86,Jason Behrendorff,RCB,Bowler ,7500000.0,Australia,Right Handed,Left-arm fast medium,5.0,0.0,0.0,0.0,No record found,0.0,0.0,0.0,0.0,0.0,0.0,0.0,0.0,0.0,0.0,5.0,19.0,0.0,165.0,5.0,2/22 v CSK,0.0,0.0,33.0,8.68,22.8,5.0,5.0,Capped,CSK,"MI, CSK",Auctioned,7500000.0
87,Siddarth Kaul,RCB,Bowler ,7500000.0,India,Right Handed,Right-arm medium,54.0,12.0,8.0,20.0,7* v KKR,0.0,0.0,1.0,0.0,5.0,55.55,8.0,0.0,6.0,2.0,54.0,197.3,3.0,1696.0,58.0,4/29 v RPS,3.0,0.0,29.24,8.58,20.43,54.0,0.0,No record found,No record found,No record found,Auctioned,7500000.0
88,Karn Sharma,RCB,Bowler ,5000000.0,India,Left Handed,Leg break googly,68.0,35.0,14.0,317.0,39* v CSK,0.0,0.0,18.0,14.0,15.09,115.69,14.0,0.0,2.0,3.0,66.0,203.4,1.0,1610.0,59.0,4/16 v KKR,2.0,0.0,27.28,7.9,20.71,66.0,68.0,Capped,CSK,"RCB, SRH, MI, CSK",Auctioned,5000000.0
89,Suyash Prabhudessai,RCB,All-Rounder ,3000000.0,India,Right Handed,Right-arm medium,0.0,0.0,0.0,0.0,No record found,0.0,0.0,0.0,0.0,0.0,0.0,0.0,0.0,0.0,0.0,0.0,0.0,0.0,0.0,0.0,No record found,0.0,0.0,0.0,0.0,0.0,0.0,0.0,Uncapped,RCB,RCB,Auctioned,3000000.0
90,Chama Milind,RCB,Bowler ,2500000.0,India,Unknown Batting Style,Unknown Bowling Style,0.0,0.0,0.0,0.0,No record found,0.0,0.0,0.0,0.0,0.0,0.0,0.0,0.0,0.0,0.0,0.0,0.0,0.0,0.0,0.0,No record found,0.0,0.0,0.0,0.0,0.0,0.0,0.0,Uncapped,No record found,"SRH, DC",Auctioned,2500000.0
91,Aneeshwar Gautam,RCB,All-Rounder ,2000000.0,India,Left Handed,Slow left-arm orthodox,0.0,0.0,0.0,0.0,No record found,0.0,0.0,0.0,0.0,0.0,0.0,0.0,0.0,0.0,0.0,0.0,0.0,0.0,0.0,0.0,No record found,0.0,0.0,0.0,0.0,0.0,0.0,0.0,Uncapped,No record found,No record found,Auctioned,2000000.0
92,Akash Deep,RCB,Bowler ,2000000.0,India,Right Handed,Right-arm medium,0.0,0.0,0.0,0.0,No record found,0.0,0.0,0.0,0.0,0.0,0.0,0.0,0.0,0.0,0.0,0.0,0.0,0.0,0.0,0.0,No record found,0.0,0.0,0.0,0.0,0.0,0.0,0.0,Uncapped,RCB,RCB,Auctioned,2000000.0
93,Luvnith Sisodia,RCB,Wicket-Keeper ,2000000.0,India,Left Handed,Left-arm medium,0.0,0.0,0.0,0.0,No record found,0.0,0.0,0.0,0.0,0.0,0.0,0.0,0.0,0.0,0.0,0.0,0.0,0.0,0.0,0.0,No record found,0.0,0.0,0.0,0.0,0.0,0.0,0.0,Uncapped,No record found,No record found,Auctioned,2000000.0
94,Rohit Sharma,MI,Batsman ,160000000.0,India,Right Handed,Off break,213.0,208.0,28.0,5611.0,109* v KKR,1.0,40.0,491.0,227.0,31.17,130.39,90.0,0.0,13.0,11.0,32.0,56.3,0.0,453.0,15.0,4/6 v MI,1.0,0.0,30.2,8.01,22.6,32.0,0.0,No record found,No record found,No record found,Retained,160000000.0
95,Ishan Kishan,MI,Wicket-Keeper ,152500000.0,India,Left Handed,Left-arm medium,61.0,56.0,5.0,1452.0,99 v RCB,0.0,9.0,121.0,74.0,28.47,136.33,19.0,2.0,5.0,5.0,0.0,0.0,0.0,0.0,0.0,No record found,0.0,0.0,0.0,0.0,0.0,0.0,61.0,Capped,MI,"GL, MI",Auctioned,152500000.0
96,Jasprit Bumrah,MI,Bowler ,120000000.0,India,Right Handed,Right-arm fast,106.0,20.0,15.0,56.0,16* v RPS,0.0,0.0,4.0,1.0,11.2,96.55,13.0,0.0,7.0,1.0,106.0,403.4,5.0,2997.0,130.0,4/14 v DC,14.0,0.0,23.05,7.42,18.63,106.0,0.0,No record found,No record found,No record found,Retained,120000000.0
97,Tim David,MI,All-Rounder ,82500000.0,Singapore,Right Handed,Off break,1.0,1.0,0.0,1.0,1 v CSK,0.0,0.0,0.0,0.0,1.0,33.33,0.0,0.0,0.0,0.0,0.0,0.0,0.0,0.0,0.0,No record found,0.0,0.0,0.0,0.0,0.0,0.0,1.0,Capped,RCB,RCB,Auctioned,82500000.0
98,Jofra Archer,MI,All-Rounder ,80000000.0,England,Right Handed,Right-arm fast,35.0,23.0,10.0,195.0,27* v CSK,0.0,0.0,11.0,14.0,15.0,157.25,9.0,0.0,5.0,1.0,35.0,137.3,2.0,981.0,46.0,3/15 v PBKS,6.0,0.0,21.32,7.13,17.93,35.0,35.0,Capped,RR,RR,Auctioned,80000000.0
99,Suryakumar Yadav,MI,Batsman ,80000000.0,India,Right Handed,Right-arm medium,115.0,100.0,19.0,2341.0,82 v SRH,0.0,13.0,261.0,68.0,28.9,135.71,55.0,0.0,7.0,5.0,1.0,1.0,0.0,8.0,0.0,0/8 v DC,0.0,0.0,0.0,8.0,0.0,1.0,0.0,No record found,No record found,No record found,Retained,80000000.0
100,Kieron Pollard,MI,All-Rounder ,60000000.0,West Indies,Right Handed,Right-arm medium,178.0,160.0,51.0,3268.0,87* v CSK,0.0,16.0,212.0,214.0,29.98,149.77,96.0,0.0,8.0,4.0,101.0,234.0,0.0,2055.0,65.0,4/44 v RR,2.0,0.0,31.61,8.78,21.6,101.0,0.0,No record found,No record found,No record found,Retained,60000000.0
101,Dewald Brevis,MI,Batsman ,30000000.0,South Africa,Right Handed,Leg break,0.0,0.0,0.0,0.0,No record found,0.0,0.0,0.0,0.0,0.0,0.0,0.0,0.0,0.0,0.0,0.0,0.0,0.0,0.0,0.0,No record found,0.0,0.0,0.0,0.0,0.0,0.0,0.0,Uncapped,No record found,No record found,Auctioned,30000000.0
102,Daniel Sams,MI,All-Rounder ,26000000.0,Australia,Right Handed,Left-arm fast medium,5.0,3.0,1.0,6.0,3* v DC,0.0,0.0,0.0,0.0,3.0,75.0,3.0,0.0,1.0,0.0,5.0,18.0,0.0,153.0,1.0,1/24 v PBKS,0.0,0.0,153.0,8.5,108.0,5.0,5.0,Capped,RCB,"DC, RCB",Auctioned,26000000.0
103,Tilak Varma,MI,All-Rounder ,17000000.0,India,Left Handed,Off break,0.0,0.0,0.0,0.0,No record found,0.0,0.0,0.0,0.0,0.0,0.0,0.0,0.0,0.0,0.0,0.0,0.0,0.0,0.0,0.0,No record found,0.0,0.0,0.0,0.0,0.0,0.0,0.0,Uncapped,No record found,No record found,Auctioned,17000000.0
104,Murugan Ashwin,MI,Bowler ,16000000.0,India,Right Handed,Leg break googly,34.0,8.0,2.0,23.0,9 v SRH,0.0,0.0,1.0,0.0,3.83,63.88,7.0,0.0,1.0,1.0,34.0,112.0,0.0,881.0,26.0,3/21 v RCB,2.0,0.0,33.88,7.86,25.84,34.0,34.0,Uncapped,PBKS,"RPS, DC, RCB, PBKS",Auctioned,16000000.0
105,Tymal Mills,MI,Bowler ,15000000.0,England,Right Handed,Left-arm fast,5.0,3.0,0.0,8.0,6 v SRH,0.0,0.0,0.0,1.0,2.66,72.72,1.0,0.0,1.0,0.0,5.0,17.5,0.0,153.0,5.0,2/31 v KKR,0.0,0.0,30.6,8.57,21.4,5.0,5.0,Capped,No record found,RCB,Auctioned,15000000.0
106,Jaydev Unadkat,MI,Bowler ,13000000.0,India,Right Handed,Left-arm medium,86.0,21.0,12.0,105.0,26 v KKR,0.0,0.0,9.0,3.0,11.66,109.37,24.0,0.0,8.0,1.0,85.0,296.0,3.0,2588.0,85.0,5/25 v DC,5.0,2.0,30.44,8.74,20.89,85.0,86.0,Capped,RR,"KKR, DC, RCB, RPS, RR",Auctioned,13000000.0
107,Riley Meredith,MI,Bowler ,10000000.0,Australia,Right Handed,Right-arm fast,5.0,1.0,1.0,0.0,0 v RR,0.0,0.0,0.0,0.0,0.0,0.0,0.0,0.0,1.0,0.0,5.0,17.0,0.0,169.0,4.0,1/29 v RCB,0.0,0.0,42.25,9.94,25.5,5.0,5.0,Capped,PBKS,PBKS,Auctioned,10000000.0
108,Fabian Allen,MI,All-Rounder ,7500000.0,West Indies,Right Handed,Slow left-arm orthodox,4.0,3.0,2.0,6.0,6 v SRH,0.0,0.0,0.0,0.0,6.0,50.0,2.0,0.0,2.0,0.0,3.0,11.0,1.0,90.0,1.0,1/22 v SRH,0.0,0.0,90.0,8.18,66.0,3.0,4.0,Capped,PBKS,"SRH, PBKS",Auctioned,7500000.0
109,Mayank Markande,MI,Bowler ,6500000.0,India,Right Handed,Leg break,18.0,8.0,5.0,27.0,7* v PBKS,0.0,0.0,3.0,0.0,9.0,93.1,3.0,0.0,2.0,0.0,18.0,53.0,0.0,453.0,16.0,4/23 v SRH,1.0,0.0,28.31,8.54,19.87,18.0,18.0,Capped,RR,"MI, RR",Auctioned,6500000.0
110,Sanjay Yadav,MI,All-Rounder ,5000000.0,India,Left Handed,Slow left-arm orthodox,0.0,0.0,0.0,0.0,No record found,0.0,0.0,0.0,0.0,0.0,0.0,0.0,0.0,0.0,0.0,0.0,0.0,0.0,0.0,0.0,No record found,0.0,0.0,0.0,0.0,0.0,0.0,0.0,No record found,No record found,No record found,Auctioned,5000000.0
111,Basil Thampi,MI,Bowler ,3000000.0,India,Right Handed,Right-arm fast medium,20.0,8.0,7.0,32.0,13* v SRH,0.0,0.0,1.0,1.0,32.0,91.42,4.0,0.0,2.0,0.0,20.0,70.5,0.0,694.0,17.0,3/29 v MI,1.0,0.0,40.82,9.79,25.0,20.0,20.0,Uncapped,SRH,"GL, SRH",Auctioned,3000000.0
112,Arjun Tendulkar,MI,All-Rounder ,3000000.0,India,Left Handed,Left-arm medium fast,0.0,0.0,0.0,0.0,No record found,0.0,0.0,0.0,0.0,0.0,0.0,0.0,0.0,0.0,0.0,0.0,0.0,0.0,0.0,0.0,No record found,0.0,0.0,0.0,0.0,0.0,0.0,0.0,Uncapped,MI,MI,Auctioned,3000000.0
113,Ramandeep Singh,MI,All-Rounder ,2000000.0,India,Right Handed,Right-arm medium,0.0,0.0,0.0,0.0,No record found,0.0,0.0,0.0,0.0,0.0,0.0,0.0,0.0,0.0,0.0,0.0,0.0,0.0,0.0,0.0,No record found,0.0,0.0,0.0,0.0,0.0,0.0,0.0,Uncapped,No record found,No record found,Auctioned,2000000.0
114,Anmolpreet Singh,MI,Batsman ,2000000.0,India,Right Handed,Off break,1.0,1.0,0.0,16.0,16 v CSK,0.0,0.0,2.0,1.0,16.0,114.28,0.0,0.0,0.0,0.0,0.0,0.0,0.0,0.0,0.0,No record found,0.0,0.0,0.0,0.0,0.0,0.0,1.0,Uncapped,MI,MI,Auctioned,2000000.0
115,Aryan Juyal,MI,Wicket-Keeper ,2000000.0,India,Right Handed,Unknown Bowling Style,0.0,0.0,0.0,0.0,No record found,0.0,0.0,0.0,0.0,0.0,0.0,0.0,0.0,0.0,0.0,0.0,0.0,0.0,0.0,0.0,No record found,0.0,0.0,0.0,0.0,0.0,0.0,0.0,Uncapped,No record found,No record found,Auctioned,2000000.0
116,Arshad Khan,MI,All-Rounder ,2000000.0,India,Left Handed,Left-arm medium,0.0,0.0,0.0,0.0,No record found,0.0,0.0,0.0,0.0,0.0,0.0,0.0,0.0,0.0,0.0,0.0,0.0,0.0,0.0,0.0,No record found,0.0,0.0,0.0,0.0,0.0,0.0,0.0,No record found,No record found,No record found,Auctioned,2000000.0
117,Rahul Buddhi,MI,Batsman ,2000000.0,India,Left Handed,Off break,0.0,0.0,0.0,0.0,No record found,0.0,0.0,0.0,0.0,0.0,0.0,0.0,0.0,0.0,0.0,0.0,0.0,0.0,0.0,0.0,No record found,0.0,0.0,0.0,0.0,0.0,0.0,0.0,Uncapped,No record found,No record found,Auctioned,2000000.0
118,Hrithik Shokeen,MI,All-Rounder ,2000000.0,India,Right Handed,Off break,0.0,0.0,0.0,0.0,No record found,0.0,0.0,0.0,0.0,0.0,0.0,0.0,0.0,0.0,0.0,0.0,0.0,0.0,0.0,0.0,No record found,0.0,0.0,0.0,0.0,0.0,0.0,0.0,Uncapped,No record found,No record found,Auctioned,2000000.0
119,Ravindra Jadeja,CSK,All-Rounder ,160000000.0,India,Left Handed,Slow left-arm orthodox,200.0,151.0,63.0,2386.0,62* v RCB,0.0,2.0,176.0,85.0,27.11,128.14,81.0,0.0,10.0,5.0,171.0,501.1,2.0,3816.0,127.0,5/16 v DCH,8.0,1.0,30.04,7.61,23.67,171.0,0.0,No record found,No record found,No record found,Retained,160000000.0
120,Deepak Chahar,CSK,Bowler ,140000000.0,India,Right Handed,Right-arm medium,63.0,12.0,5.0,79.0,39 v PBKS,0.0,0.0,2.0,6.0,11.28,138.59,12.0,0.0,4.0,0.0,63.0,220.4,6.0,1722.0,59.0,4/13 v PBKS,3.0,0.0,29.18,7.8,22.44,63.0,63.0,Capped,CSK,"RPS, CSK",Auctioned,140000000.0
121,MS Dhoni,CSK,Wicket-Keeper ,120000000.0,India,Right Handed,Right-arm medium,220.0,193.0,73.0,4746.0,84* v RCB,0.0,23.0,325.0,219.0,39.55,135.83,126.0,39.0,5.0,9.0,0.0,0.0,0.0,0.0,0.0,No record found,0.0,0.0,0.0,0.0,0.0,0.0,0.0,No record found,No record found,No record found,Retained,120000000.0
122,Moeen Ali,CSK,All-Rounder ,80000000.0,England,Left Handed,Off break,34.0,32.0,3.0,666.0,66 v KKR,0.0,4.0,52.0,42.0,22.96,146.37,11.0,0.0,4.0,3.0,27.0,68.3,0.0,469.0,16.0,3/7 v RR,1.0,0.0,29.31,6.84,25.68,27.0,0.0,No record found,No record found,No record found,Retained,80000000.0
123,Ambati Rayudu,CSK,Wicket-Keeper ,67500000.0,India,Right Handed,Off break,175.0,164.0,31.0,3916.0,100* v SRH,1.0,21.0,324.0,149.0,29.44,127.47,58.0,2.0,14.0,14.0,0.0,0.0,0.0,0.0,0.0,No record found,0.0,0.0,0.0,0.0,0.0,0.0,175.0,Capped,CSK,"MI, CSK",Auctioned,67500000.0
124,Ruturaj Gaikwad,CSK,Batsman ,60000000.0,India,Right Handed,Off break,22.0,22.0,4.0,839.0,101* v RR,1.0,7.0,80.0,29.0,46.61,132.12,10.0,0.0,2.0,1.0,0.0,0.0,0.0,0.0,0.0,No record found,0.0,0.0,0.0,0.0,0.0,0.0,0.0,No record found,No record found,No record found,Retained,60000000.0
125,Dwayne Bravo,CSK,All-Rounder ,44000000.0,West Indies,Right Handed,Right-arm medium,151.0,107.0,40.0,1537.0,70* v PBKS,0.0,5.0,119.0,65.0,22.94,130.25,77.0,0.0,8.0,2.0,148.0,485.3,2.0,4061.0,167.0,4/22 v PBKS,12.0,0.0,24.31,8.36,17.44,148.0,151.0,Capped,CSK,"MI, GL, CSK",Auctioned,44000000.0
126,Shivam Dube,CSK,All-Rounder ,40000000.0,India,Left Handed,Right-arm medium,24.0,22.0,4.0,399.0,64* v CSK,0.0,1.0,24.0,22.0,22.16,120.54,5.0,0.0,0.0,1.0,11.0,15.4,0.0,130.0,4.0,2/15 v SRH,0.0,0.0,32.5,8.29,23.5,11.0,24.0,Capped,RR,"RCB, RR",Auctioned,40000000.0
127,Chris Jordan,CSK,All-Rounder ,36000000.0,England,Right Handed,Right-arm fast medium,24.0,9.0,2.0,64.0,30 v KKR,0.0,0.0,3.0,3.0,9.14,112.28,9.0,0.0,2.0,2.0,24.0,76.3,0.0,698.0,25.0,4/11 v GL,2.0,0.0,27.92,9.12,18.36,24.0,24.0,Capped,PBKS,"RCB, SRH, PBKS",Auctioned,36000000.0
128,Robin Uthappa,CSK,Batsman ,20000000.0,India,Right Handed,Right-arm medium,193.0,186.0,17.0,4722.0,87 v RPS,0.0,25.0,462.0,168.0,27.94,130.15,87.0,32.0,7.0,9.0,0.0,0.0,0.0,0.0,0.0,No record found,0.0,0.0,0.0,0.0,0.0,0.0,193.0,Capped,CSK,"MI, RCB, PWI, KKR, RR, CSK",Auctioned,20000000.0
129,Mitchell Santner,CSK,All-Rounder ,19000000.0,New Zealand,Left Handed,Slow left-arm orthodox,6.0,2.0,1.0,32.0,22 v MI,0.0,0.0,0.0,3.0,32.0,139.13,2.0,0.0,0.0,0.0,6.0,21.0,0.0,147.0,6.0,2/13 v MI,0.0,0.0,24.5,7.0,21.0,6.0,6.0,Capped,CSK,CSK,Auctioned,19000000.0
130,Adam Milne,CSK,Bowler ,19000000.0,New Zealand,Right Handed,Right-arm fast,9.0,6.0,2.0,23.0,15 v CSK,0.0,0.0,0.0,1.0,5.75,79.31,7.0,0.0,2.0,0.0,9.0,32.0,0.0,308.0,7.0,2/21 v CSK,0.0,0.0,44.0,9.62,27.42,9.0,9.0,Capped,MI,"RCB, MI",Auctioned,19000000.0
131,Rajvardhan Hangargekar,CSK,All-Rounder ,15000000.0,India,Right Handed,Right-arm medium,0.0,0.0,0.0,0.0,No record found,0.0,0.0,0.0,0.0,0.0,0.0,0.0,0.0,0.0,0.0,0.0,0.0,0.0,0.0,0.0,No record found,0.0,0.0,0.0,0.0,0.0,0.0,0.0,Uncapped,No record found,No record found,Auctioned,15000000.0
132,Prashant Solanki,CSK,Bowler ,12000000.0,India,Right Handed,Leg break,0.0,0.0,0.0,0.0,No record found,0.0,0.0,0.0,0.0,0.0,0.0,0.0,0.0,0.0,0.0,0.0,0.0,0.0,0.0,0.0,No record found,0.0,0.0,0.0,0.0,0.0,0.0,0.0,Uncapped,No record found,No record found,Auctioned,12000000.0
133,Devon Conway,CSK,Batsman ,10000000.0,South Africa,Left Handed,Right-arm medium,0.0,0.0,0.0,0.0,No record found,0.0,0.0,0.0,0.0,0.0,0.0,0.0,0.0,0.0,0.0,0.0,0.0,0.0,0.0,0.0,No record found,0.0,0.0,0.0,0.0,0.0,0.0,0.0,Capped,No record found,No record found,Auctioned,10000000.0
134,Maheesh Theekshana,CSK,Bowler ,7000000.0,Sri Lanka,Right Handed,Off break,0.0,0.0,0.0,0.0,No record found,0.0,0.0,0.0,0.0,0.0,0.0,0.0,0.0,0.0,0.0,0.0,0.0,0.0,0.0,0.0,No record found,0.0,0.0,0.0,0.0,0.0,0.0,0.0,Capped,No record found,No record found,Auctioned,7000000.0
135,Dwaine Pretorius,CSK,All-Rounder ,5000000.0,South Africa,Unknown Batting Style,Unknown Bowling Style,0.0,0.0,0.0,0.0,No record found,0.0,0.0,0.0,0.0,0.0,0.0,0.0,0.0,0.0,0.0,0.0,0.0,0.0,0.0,0.0,No record found,0.0,0.0,0.0,0.0,0.0,0.0,0.0,Capped,No record found,No record found,Auctioned,5000000.0
136,Narayan Jagadeesan,CSK,Wicket-Keeper ,2000000.0,India,Right Handed,Unknown Bowling Style,5.0,2.0,0.0,33.0,33 v RCB,0.0,0.0,4.0,0.0,16.5,113.79,0.0,0.0,1.0,1.0,0.0,0.0,0.0,0.0,0.0,No record found,0.0,0.0,0.0,0.0,0.0,0.0,5.0,Uncapped,CSK,CSK,Auctioned,2000000.0
137,KM Asif,CSK,Bowler ,2000000.0,India,Right Handed,Right-arm medium,3.0,0.0,0.0,0.0,No record found,0.0,0.0,0.0,0.0,0.0,0.0,0.0,0.0,0.0,0.0,3.0,8.1,0.0,93.0,4.0,2/43 v DC,0.0,0.0,23.25,11.38,12.25,3.0,3.0,Uncapped,CSK,CSK,Auctioned,2000000.0
138,Tushar Deshpande,CSK,Bowler ,2000000.0,India,Left Handed,Right-arm medium,5.0,2.0,1.0,21.0,20* v SRH,0.0,0.0,2.0,1.0,21.0,175.0,1.0,0.0,0.0,0.0,5.0,17.0,0.0,192.0,3.0,2/37 v RR,0.0,0.0,64.0,11.29,34.0,5.0,5.0,Uncapped,No record found,DC,Auctioned,2000000.0
139,Subhranshu Senapati,CSK,Batsman ,2000000.0,India,Right Handed,Right-arm medium,0.0,0.0,0.0,0.0,No record found,0.0,0.0,0.0,0.0,0.0,0.0,0.0,0.0,0.0,0.0,0.0,0.0,0.0,0.0,0.0,No record found,0.0,0.0,0.0,0.0,0.0,0.0,0.0,Uncapped,No record found,No record found,Auctioned,2000000.0
140,Bhagath Varma,CSK,All-Rounder ,2000000.0,India,Right Handed,Off break,0.0,0.0,0.0,0.0,No record found,0.0,0.0,0.0,0.0,0.0,0.0,0.0,0.0,0.0,0.0,0.0,0.0,0.0,0.0,0.0,No record found,0.0,0.0,0.0,0.0,0.0,0.0,0.0,No record found,No record found,No record found,Auctioned,2000000.0
141,Simarjeet Singh,CSK,Bowler ,2000000.0,India,Right Handed,Right-arm fast medium,0.0,0.0,0.0,0.0,No record found,0.0,0.0,0.0,0.0,0.0,0.0,0.0,0.0,0.0,0.0,0.0,0.0,0.0,0.0,0.0,No record found,0.0,0.0,0.0,0.0,0.0,0.0,0.0,Uncapped,MI,MI,Auctioned,2000000.0
142,Hari Nishaanth,CSK,Batsman ,2000000.0,India,Left Handed,Off break,0.0,0.0,0.0,0.0,No record found,0.0,0.0,0.0,0.0,0.0,0.0,0.0,0.0,0.0,0.0,0.0,0.0,0.0,0.0,0.0,No record found,0.0,0.0,0.0,0.0,0.0,0.0,0.0,No record found,No record found,No record found,Auctioned,2000000.0
143,Mukesh Choudhary,CSK,Bowler ,2000000.0,India,Left Handed,Left-arm fast medium,0.0,0.0,0.0,0.0,No record found,0.0,0.0,0.0,0.0,0.0,0.0,0.0,0.0,0.0,0.0,0.0,0.0,0.0,0.0,0.0,No record found,0.0,0.0,0.0,0.0,0.0,0.0,0.0,Uncapped,No record found,No record found,Auctioned,2000000.0
144,Shreyas Iyer,KKR,Batsman ,122500000.0,India,Right Handed,Leg break googly,87.0,87.0,12.0,2375.0,96 v GL,0.0,16.0,196.0,88.0,31.66,123.95,34.0,0.0,6.0,4.0,0.0,0.0,0.0,0.0,0.0,No record found,0.0,0.0,0.0,0.0,0.0,0.0,87.0,Capped,DC,DC,Auctioned,122500000.0
145,Andre Russell,KKR,All-Rounder ,120000000.0,West Indies,Right Handed,Right-arm fast,84.0,70.0,12.0,1700.0,88* v CSK,0.0,9.0,119.0,143.0,29.31,178.57,25.0,0.0,3.0,5.0,76.0,210.1,0.0,1901.0,72.0,5/15 v MI,6.0,1.0,26.4,9.04,17.51,76.0,0.0,No record found,No record found,No record found,Retained,160000000.0
146,Nitish Rana,KKR,All-Rounder ,80000000.0,India,Left Handed,Off break,77.0,71.0,7.0,1820.0,87 v CSK,0.0,13.0,161.0,89.0,28.43,132.46,15.0,0.0,6.0,3.0,16.0,19.1,0.0,154.0,7.0,2/11 v RCB,0.0,0.0,22.0,8.03,16.42,16.0,77.0,Capped,KKR,"MI, KKR",Auctioned,80000000.0
147,Varun Chakravarthy,KKR,Bowler ,80000000.0,India,Right Handed,Leg break googly,31.0,6.0,3.0,12.0,7* v RCB,0.0,0.0,0.0,0.0,4.0,63.15,4.0,0.0,2.0,2.0,31.0,123.0,0.0,839.0,36.0,5/20 v DC,1.0,1.0,23.3,6.82,20.5,31.0,0.0,No record found,No record found,No record found,Retained,120000000.0
148,Venkatesh Iyer,KKR,All-Rounder ,80000000.0,India,Left Handed,Right-arm medium,10.0,10.0,1.0,370.0,67 v PBKS,0.0,4.0,37.0,14.0,41.11,128.47,7.0,0.0,0.0,0.0,4.0,8.3,0.0,69.0,3.0,2/29 v DC,0.0,0.0,23.0,8.11,17.0,4.0,0.0,No record found,No record found,No record found,Retained,80000000.0
149,Shivam Mavi,KKR,All-Rounder ,72500000.0,India,Right Handed,Right-arm fast medium,26.0,9.0,2.0,48.0,20 v CSK,0.0,0.0,4.0,2.0,6.85,97.95,12.0,0.0,3.0,0.0,26.0,86.1,2.0,715.0,25.0,4/21 v RR,0.0,0.0,28.6,8.29,20.68,26.0,26.0,Uncapped,KKR,KKR,Auctioned,72500000.0
150,Pat Cummins,KKR,All-Rounder ,72500000.0,Australia,Right Handed,Right-arm fast,37.0,26.0,10.0,316.0,66* v CSK,0.0,2.0,19.0,20.0,19.75,140.44,7.0,0.0,4.0,0.0,37.0,139.0,1.0,1145.0,38.0,4/34 v RR,2.0,0.0,30.13,8.23,21.94,37.0,37.0,Capped,KKR,"DC, MI, KKR",Auctioned,72500000.0
151,Sunil Narine,KKR,All-Rounder ,60000000.0,West Indies,Left Handed,Off break,134.0,76.0,15.0,954.0,75 v PBKS,0.0,4.0,106.0,57.0,15.63,161.69,21.0,0.0,13.0,5.0,133.0,520.1,3.0,3508.0,143.0,5/19 v PBKS,6.0,1.0,24.53,6.74,21.82,133.0,0.0,No record found,No record found,No record found,Retained,60000000.0
152,Umesh Yadav,KKR,Bowler ,20000000.0,India,Right Handed,Right-arm fast,121.0,38.0,24.0,122.0,24* v RR,0.0,0.0,11.0,4.0,8.71,95.31,29.0,0.0,11.0,2.0,120.0,420.2,3.0,3579.0,119.0,4/24 v RR,12.0,0.0,30.07,8.51,21.19,120.0,121.0,Capped,DC,"DC, KKR, RCB",Auctioned,20000000.0
153,Sam Billings,KKR,Wicket-Keeper ,20000000.0,England,Right Handed,Unknown Bowling Style,22.0,19.0,0.0,334.0,56 v KKR,0.0,3.0,31.0,10.0,17.57,133.6,13.0,0.0,3.0,1.0,0.0,0.0,0.0,0.0,0.0,No record found,0.0,0.0,0.0,0.0,0.0,0.0,22.0,Capped,DC,"CSK, DC",Auctioned,20000000.0
154,Tim Southee,KKR,Bowler ,15000000.0,New Zealand,Right Handed,Right-arm medium fast,43.0,15.0,6.0,118.0,36* v CSK,0.0,0.0,8.0,4.0,13.11,124.21,19.0,0.0,1.0,3.0,43.0,160.0,2.0,1388.0,31.0,3/24 v SRH,2.0,0.0,44.77,8.67,30.96,43.0,43.0,Capped,KKR,"CSK, RR, MI, RCB, KKR",Auctioned,15000000.0
155,Alex Hales,KKR,Batsman ,15000000.0,England,Right Handed,Right-arm medium,6.0,6.0,0.0,148.0,45 v DC,0.0,0.0,13.0,6.0,24.66,125.42,2.0,0.0,0.0,0.0,0.0,0.0,0.0,0.0,0.0,No record found,0.0,0.0,0.0,0.0,0.0,0.0,6.0,Capped,No record found,"MI, SRH",Auctioned,15000000.0
156,Mohammad Nabi,KKR,All-Rounder ,10000000.0,Afghanistan,Right Handed,Off break,17.0,14.0,2.0,180.0,31 v MI,0.0,0.0,16.0,9.0,15.0,151.26,11.0,0.0,0.0,1.0,17.0,57.1,0.0,408.0,13.0,4/11 v RCB,0.0,0.0,31.38,7.13,26.38,17.0,17.0,Capped,SRH,SRH,Auctioned,10000000.0
157,Ajinkya Rahane,KKR,Batsman ,10000000.0,India,Right Handed,Right-arm medium,151.0,141.0,16.0,3941.0,105* v DC,2.0,28.0,417.0,76.0,31.52,121.33,58.0,0.0,13.0,7.0,1.0,1.0,0.0,5.0,1.0,1/5 v PBKS,0.0,0.0,5.0,5.0,6.0,1.0,151.0,Capped,DC,"MI, RPS, RR, DC",Auctioned,10000000.0
158,Sheldon Jackson,KKR,Wicket-Keeper ,6000000.0,West Indies,Unknown Batting Style,Unknown Bowling Style,0.0,0.0,0.0,0.0,No record found,0.0,0.0,0.0,0.0,0.0,0.0,0.0,0.0,0.0,0.0,0.0,0.0,0.0,0.0,0.0,No record found,0.0,0.0,0.0,0.0,0.0,0.0,4.0,Uncapped,KKR,"RCB, KKR",Auctioned,6000000.0
159,Rinku Singh,KKR,Batsman ,5500000.0,India,Left Handed,Off break,10.0,8.0,1.0,77.0,30 v SRH,0.0,0.0,6.0,2.0,11.0,101.31,6.0,0.0,0.0,0.0,0.0,0.0,0.0,0.0,0.0,No record found,0.0,0.0,0.0,0.0,0.0,0.0,11.0,Uncapped,KKR,"PBKS, KKR",Auctioned,5500000.0
160,Ashok Sharma,KKR,Bowler ,5500000.0,India,Right Handed,Right-arm medium fast,0.0,0.0,0.0,0.0,No record found,0.0,0.0,0.0,0.0,0.0,0.0,0.0,0.0,0.0,0.0,0.0,0.0,0.0,0.0,0.0,No record found,0.0,0.0,0.0,0.0,0.0,0.0,0.0,Uncapped,No record found,No record found,Auctioned,5500000.0
161,Chamika Karunaratne,KKR,All-Rounder ,5000000.0,Sri Lanka,Unknown Batting Style,Unknown Bowling Style,0.0,0.0,0.0,0.0,No record found,0.0,0.0,0.0,0.0,0.0,0.0,0.0,0.0,0.0,0.0,0.0,0.0,0.0,0.0,0.0,No record found,0.0,0.0,0.0,0.0,0.0,0.0,0.0,Capped,No record found,No record found,Auctioned,5000000.0
162,Abhijeet Tomar,KKR,Batsman ,4000000.0,India,Right Handed,Off break,0.0,0.0,0.0,0.0,No record found,0.0,0.0,0.0,0.0,0.0,0.0,0.0,0.0,0.0,0.0,0.0,0.0,0.0,0.0,0.0,No record found,0.0,0.0,0.0,0.0,0.0,0.0,0.0,Uncapped,No record found,No record found,Auctioned,4000000.0
163,Anukul Roy,KKR,All-Rounder ,2000000.0,India,Left Handed,Slow left-arm orthodox,1.0,0.0,0.0,0.0,No record found,0.0,0.0,0.0,0.0,0.0,0.0,0.0,0.0,0.0,0.0,1.0,2.0,0.0,11.0,1.0,1/11 v CSK,0.0,0.0,11.0,5.5,12.0,1.0,1.0,Uncapped,MI,MI,Auctioned,2000000.0
164,Pratham Singh,KKR,Batsman ,2000000.0,India,Left Handed,Off break,0.0,0.0,0.0,0.0,No record found,0.0,0.0,0.0,0.0,0.0,0.0,0.0,0.0,0.0,0.0,0.0,0.0,0.0,0.0,0.0,No record found,0.0,0.0,0.0,0.0,0.0,0.0,0.0,Uncapped,No record found,GL,Auctioned,2000000.0
165,Rasikh Dar,KKR,Bowler ,2000000.0,India,Right Handed,Right-arm medium,1.0,1.0,1.0,5.0,5* v DC,0.0,0.0,0.0,0.0,0.0,125.0,1.0,0.0,0.0,0.0,1.0,4.0,0.0,42.0,0.0,0/42 v DC,0.0,0.0,0.0,10.5,0.0,1.0,0.0,No record found,No record found,No record found,Auctioned,2000000.0
166,Ramesh Kumar,KKR,Batsman ,2000000.0,India,Left Handed,Unknown Bowling Style,0.0,0.0,0.0,0.0,No record found,0.0,0.0,0.0,0.0,0.0,0.0,0.0,0.0,0.0,0.0,0.0,0.0,0.0,0.0,0.0,No record found,0.0,0.0,0.0,0.0,0.0,0.0,0.0,Uncapped,No record found,No record found,Auctioned,2000000.0
167,Aman Khan,KKR,All-Rounder ,2000000.0,India,Right Handed,Right-arm medium,0.0,0.0,0.0,0.0,No record found,0.0,0.0,0.0,0.0,0.0,0.0,0.0,0.0,0.0,0.0,0.0,0.0,0.0,0.0,0.0,No record found,0.0,0.0,0.0,0.0,0.0,0.0,0.0,Uncapped,No record found,No record found,Auctioned,2000000.0
168,Baba Indrajith,KKR,Wicket-Keeper ,2000000.0,India,Right Handed,Leg break googly,0.0,0.0,0.0,0.0,No record found,0.0,0.0,0.0,0.0,0.0,0.0,0.0,0.0,0.0,0.0,0.0,0.0,0.0,0.0,0.0,No record found,0.0,0.0,0.0,0.0,0.0,0.0,0.0,Uncapped,No record found,No record found,Auctioned,2000000.0
169,Rishabh Pant,DC,Wicket-Keeper ,160000000.0,India,Left Handed,Unknown Bowling Style,84.0,84.0,13.0,2498.0,128* v SRH,1.0,15.0,225.0,113.0,35.18,147.46,56.0,14.0,4.0,6.0,0.0,0.0,0.0,0.0,0.0,No record found,0.0,0.0,0.0,0.0,0.0,0.0,0.0,No record found,No record found,No record found,Retained,160000000.0
170,Shardul Thakur,DC,Bowler ,107500000.0,India,Right Handed,Right-arm medium fast,61.0,14.0,6.0,53.0,15* v SRH,0.0,0.0,5.0,1.0,6.62,112.76,17.0,0.0,5.0,2.0,60.0,210.0,2.0,1867.0,67.0,3/19 v PBKS,5.0,0.0,27.86,8.89,18.8,60.0,61.0,Capped,CSK,"PBKS, RPS, CSK",Auctioned,107500000.0
171,Axar Patel,DC,All-Rounder ,90000000.0,India,Left Handed,Slow left-arm orthodox,109.0,78.0,23.0,953.0,44 v DC,0.0,0.0,55.0,44.0,17.32,125.23,44.0,0.0,7.0,6.0,108.0,382.3,2.0,2762.0,95.0,4/21 v GL,3.0,0.0,29.07,7.22,24.15,108.0,0.0,No record found,No record found,No record found,Retained,120000000.0
172,Prithvi Shaw,DC,Batsman ,75000000.0,India,Right Handed,Off break,53.0,53.0,0.0,1305.0,99 v KKR,0.0,10.0,155.0,45.0,24.62,146.3,11.0,0.0,4.0,3.0,0.0,0.0,0.0,0.0,0.0,No record found,0.0,0.0,0.0,0.0,0.0,0.0,0.0,No record found,No record found,No record found,Retained,80000000.0
173,Mitchell Marsh,DC,All-Rounder ,65000000.0,Australia,Right Handed,Right-arm medium,21.0,15.0,2.0,225.0,38 v MI,0.0,0.0,9.0,14.0,17.3,114.21,7.0,0.0,1.0,1.0,19.0,53.1,0.0,420.0,20.0,4/25 v DCH,0.0,0.0,21.0,7.89,15.95,19.0,21.0,Capped,SRH,"DCH, PWI, RPS, SRH",Auctioned,65000000.0
174,Anrich Nortje,DC,Bowler ,65000000.0,South Africa,Right Handed,Right-arm fast,24.0,5.0,4.0,7.0,3* v PBKS,0.0,0.0,0.0,0.0,7.0,116.66,5.0,0.0,2.0,0.0,24.0,91.2,1.0,699.0,34.0,3/33 v KKR,2.0,0.0,20.55,7.65,16.11,24.0,0.0,No record found,No record found,No record found,Retained,65000000.0
175,David Warner,DC,Batsman ,62500000.0,Australia,Left Handed,Leg break,150.0,150.0,19.0,5449.0,126 v KKR,4.0,50.0,525.0,201.0,41.59,139.96,68.0,0.0,8.0,9.0,1.0,0.1,0.0,2.0,0.0,0/2 v DC,0.0,0.0,0.0,12.0,0.0,1.0,150.0,Capped,SRH,"DC, SRH",Auctioned,62500000.0
176,Khaleel Ahmed,DC,Bowler ,52500000.0,India,Right Handed,Left-arm medium,24.0,3.0,0.0,1.0,1 v MI,0.0,0.0,0.0,0.0,0.33,20.0,1.0,0.0,2.0,1.0,24.0,90.3,0.0,786.0,32.0,3/21 v PBKS,6.0,0.0,24.56,8.68,16.96,24.0,24.0,Capped,SRH,"DC, SRH",Auctioned,52500000.0
177,Chetan Sakariya,DC,Bowler ,42000000.0,India,Left Handed,Left-arm medium fast,14.0,6.0,1.0,16.0,7 v PBKS,0.0,0.0,2.0,0.0,3.2,64.0,4.0,0.0,2.0,1.0,14.0,52.0,1.0,426.0,14.0,3/31 v PBKS,2.0,0.0,30.42,8.19,22.28,14.0,14.0,Capped,RR,RR,Auctioned,42000000.0
178,Rovman Powell,DC,Batsman ,28000000.0,West Indies,Right Handed,Right-arm medium fast,0.0,0.0,0.0,0.0,No record found,0.0,0.0,0.0,0.0,0.0,0.0,0.0,0.0,0.0,0.0,0.0,0.0,0.0,0.0,0.0,No record found,0.0,0.0,0.0,0.0,0.0,0.0,0.0,Capped,No record found,KKR,Auctioned,28000000.0
179,Kuldeep Yadav,DC,Bowler ,20000000.0,India,Left Handed,Slow left-arm chinaman,45.0,11.0,5.0,57.0,16 v MI,0.0,0.0,5.0,0.0,9.5,76.0,11.0,0.0,3.0,3.0,43.0,149.2,0.0,1236.0,40.0,4/20 v RR,2.0,0.0,30.9,8.27,22.4,43.0,45.0,Capped,KKR,"MI, KKR",Auctioned,20000000.0
180,Srikar Bharat,DC,Wicket-Keeper ,20000000.0,India,Right Handed,Unknown Bowling Style,8.0,7.0,2.0,191.0,78* v DC,0.0,1.0,10.0,8.0,38.2,122.43,4.0,1.0,1.0,0.0,0.0,0.0,0.0,0.0,0.0,No record found,0.0,0.0,0.0,0.0,0.0,0.0,0.0,No record found,No record found,No record found,Auctioned,20000000.0
181,Mustafizur Rahman,DC,Bowler ,20000000.0,Bangladesh,Left Handed,Left-arm fast medium,38.0,7.0,6.0,9.0,8* v MI,0.0,0.0,0.0,1.0,9.0,52.94,5.0,0.0,5.0,0.0,38.0,143.0,1.0,1121.0,38.0,3/16 v MI,3.0,0.0,29.5,7.83,22.57,38.0,38.0,Capped,RR,"SRH, MI, RR",Auctioned,20000000.0
182,Kamlesh Nagarkoti,DC,All-Rounder ,11000000.0,India,Right Handed,Right-arm fast,11.0,7.0,3.0,22.0,8* v RR,0.0,0.0,1.0,0.0,5.5,66.66,4.0,0.0,2.0,0.0,10.0,28.0,0.0,256.0,5.0,2/13 v RR,0.0,0.0,51.2,9.14,33.6,10.0,11.0,Uncapped,KKR,KKR,Auctioned,11000000.0
183,Mandeep Singh,DC,Batsman ,11000000.0,India,Right Handed,Right-arm medium,105.0,92.0,16.0,1674.0,77* v PWI,0.0,6.0,172.0,37.0,22.02,124.09,37.0,0.0,12.0,3.0,2.0,2.0,0.0,26.0,0.0,0/8 v RR,0.0,0.0,0.0,13.0,0.0,2.0,105.0,Capped,PBKS,"RCB, KKR, PBKS",Auctioned,11000000.0
184,Lalit Yadav,DC,All-Rounder ,6500000.0,India,Right Handed,Off break,7.0,5.0,3.0,68.0,22* v MI,0.0,0.0,7.0,0.0,34.0,93.15,5.0,0.0,1.0,0.0,5.0,14.0,0.0,101.0,4.0,2/13 v KKR,0.0,0.0,25.25,7.21,21.0,5.0,7.0,Uncapped,DC,DC,Auctioned,6500000.0
185,Yash Dhull,DC,All-Rounder ,5000000.0,India,Right Handed,Off break,0.0,0.0,0.0,0.0,No record found,0.0,0.0,0.0,0.0,0.0,0.0,0.0,0.0,0.0,0.0,0.0,0.0,0.0,0.0,0.0,No record found,0.0,0.0,0.0,0.0,0.0,0.0,0.0,Uncapped,No record found,No record found,Auctioned,5000000.0
186,Lungi Ngidi,DC,Bowler ,5000000.0,South Africa,Right Handed,Right-arm fast medium,14.0,0.0,0.0,0.0,No record found,0.0,0.0,0.0,0.0,0.0,0.0,2.0,0.0,0.0,0.0,14.0,54.0,2.0,448.0,25.0,4/10 v PBKS,3.0,0.0,17.92,8.29,12.96,14.0,14.0,Capped,CSK,CSK,Auctioned,5000000.0
187,Tim Seifert,DC,Wicket-Keeper ,5000000.0,New Zealand,Right Handed,Unknown Bowling Style,1.0,1.0,0.0,2.0,2 v PBKS,0.0,0.0,0.0,0.0,2.0,50.0,0.0,0.0,0.0,1.0,0.0,0.0,0.0,0.0,0.0,No record found,0.0,0.0,0.0,0.0,0.0,0.0,1.0,Capped,KKR,KKR,Auctioned,5000000.0
188,Pravin Dubey,DC,All-Rounder ,5000000.0,India,Right Handed,Leg break googly,3.0,1.0,1.0,7.0,7* v MI,0.0,0.0,0.0,0.0,0.0,53.84,1.0,0.0,0.0,0.0,3.0,8.0,0.0,72.0,0.0,0/14 v SRH,0.0,0.0,0.0,9.0,0.0,3.0,3.0,Uncapped,DC,"RCB, DC",Auctioned,5000000.0
189,Ashwin Hebbar,DC,Batsman ,2000000.0,India,Right Handed,Right-arm medium,0.0,0.0,0.0,0.0,No record found,0.0,0.0,0.0,0.0,0.0,0.0,0.0,0.0,0.0,0.0,0.0,0.0,0.0,0.0,0.0,No record found,0.0,0.0,0.0,0.0,0.0,0.0,0.0,Uncapped,No record found,No record found,Auctioned,2000000.0
190,Ripal Patel,DC,All-Rounder ,2000000.0,India,Right Handed,Right-arm medium fast,2.0,2.0,1.0,25.0,18 v CSK,0.0,0.0,3.0,0.0,25.0,92.59,0.0,0.0,0.0,0.0,1.0,3.0,0.0,22.0,0.0,0/22 v RCB,0.0,0.0,0.0,7.33,0.0,1.0,2.0,Uncapped,DC,DC,Auctioned,2000000.0
191,Vicky Ostwal,DC,All-Rounder ,2000000.0,India,Right Handed,Slow left-arm orthodox,0.0,0.0,0.0,0.0,No record found,0.0,0.0,0.0,0.0,0.0,0.0,0.0,0.0,0.0,0.0,0.0,0.0,0.0,0.0,0.0,No record found,0.0,0.0,0.0,0.0,0.0,0.0,0.0,Uncapped,No record found,No record found,Auctioned,2000000.0
192,Sarfaraz Khan,DC,All-Rounder ,2000000.0,India,Right Handed,Leg break,40.0,28.0,9.0,441.0,67 v CSK,0.0,1.0,50.0,11.0,23.21,138.24,6.0,0.0,4.0,1.0,1.0,0.2,0.0,6.0,0.0,0/6 v RCB,0.0,0.0,0.0,18.0,0.0,1.0,40.0,Uncapped,PBKS,"RCB, PBKS",Auctioned,2000000.0
193,KL Rahul,LSG,Wicket-keeper ,170000000.0,India,Right Handed,Unknown Bowling Style,94.0,85.0,16.0,3273.0,132* v RCB,2.0,27.0,282.0,134.0,47.43,136.37,50.0,5.0,2.0,2.0,0.0,0.0,0.0,0.0,0.0,No record found,0.0,0.0,0.0,0.0,0.0,0.0,0.0,No record found,No record found,No record found,Retained,170000000.0
194,Avesh Khan,LSG,Bowler ,100000000.0,India,Right Handed,Right-arm medium fast,25.0,2.0,1.0,9.0,5 v KKR,0.0,0.0,2.0,0.0,9.0,150.0,5.0,0.0,0.0,1.0,25.0,91.0,0.0,749.0,29.0,3/13 v KKR,4.0,0.0,25.82,8.23,18.82,25.0,25.0,Uncapped,DC,"RCB, DC",Auctioned,100000000.0
195,Marcus Stoinis,LSG,All-Rounder ,92000000.0,Australia,Right Handed,Right-arm medium,56.0,49.0,16.0,914.0,65 v MI,0.0,4.0,76.0,35.0,27.69,135.81,12.0,0.0,5.0,2.0,45.0,102.0,0.0,969.0,30.0,4/15 v MI,2.0,0.0,32.3,9.5,20.4,45.0,0.0,No record found,No record found,No record found,Retained,92000000.0
196,Jason Holder,LSG,All-Rounder ,87500000.0,West Indies,Right Handed,Right-arm medium fast,26.0,16.0,3.0,189.0,47* v PBKS,0.0,0.0,11.0,11.0,14.53,121.15,7.0,0.0,1.0,2.0,26.0,95.5,0.0,786.0,35.0,4/52 v MI,5.0,0.0,22.45,8.2,16.42,26.0,26.0,Capped,SRH,"CSK, KKR, SRH",Auctioned,87500000.0
197,Krunal Pandya,LSG,All-Rounder ,82500000.0,India,Left Handed,Slow left-arm orthodox,84.0,72.0,22.0,1143.0,86 v DC,0.0,1.0,105.0,46.0,22.86,138.54,28.0,0.0,6.0,4.0,81.0,240.4,0.0,1773.0,51.0,3/14 v GL,4.0,0.0,34.76,7.36,28.31,81.0,84.0,Capped,MI,MI,Auctioned,82500000.0
198,Mark Wood,LSG,Bowler ,75000000.0,England,Right Handed,Right-arm fast,1.0,1.0,0.0,1.0,1 v MI,0.0,0.0,0.0,0.0,1.0,33.33,1.0,0.0,0.0,0.0,1.0,4.0,0.0,49.0,0.0,0/49 v MI,0.0,0.0,0.0,12.25,0.0,1.0,1.0,Capped,No record found,CSK,Auctioned,75000000.0
199,Quinton de Kock,LSG,Wicket-Keeper ,67500000.0,South Africa,Left Handed,Unknown Bowling Style,77.0,77.0,5.0,2256.0,108 v RCB,1.0,16.0,230.0,83.0,31.33,130.93,53.0,14.0,3.0,3.0,0.0,0.0,0.0,0.0,0.0,No record found,0.0,0.0,0.0,0.0,0.0,0.0,77.0,Capped,MI,"SRH, DC, RCB, MI",Auctioned,67500000.0
200,Deepak Hooda,LSG,All-Rounder ,57500000.0,India,Right Handed,Off break,80.0,61.0,14.0,785.0,64 v RR,0.0,3.0,41.0,38.0,16.7,129.53,32.0,0.0,3.0,7.0,28.0,54.1,0.0,458.0,9.0,2/16 v KKR,0.0,0.0,50.88,8.45,36.11,28.0,80.0,Capped,PBKS,"RR, SRH, PBKS",Auctioned,57500000.0
201,Manish Pandey,LSG,Batsman ,46000000.0,India,Right Handed,Right-arm medium,154.0,143.0,27.0,3560.0,114* v DCH,1.0,21.0,309.0,103.0,30.68,121.83,75.0,0.0,13.0,6.0,0.0,0.0,0.0,0.0,0.0,No record found,0.0,0.0,0.0,0.0,0.0,0.0,154.0,Capped,SRH,"MI, RCB, PWI, KKR, SRH",Auctioned,46000000.0
202,Ravi Bishnoi,LSG,Bowler ,40000000.0,India,Right Handed,Leg break googly,23.0,4.0,2.0,8.0,6* v SRH,0.0,0.0,1.0,0.0,4.0,50.0,4.0,0.0,1.0,0.0,23.0,87.0,1.0,606.0,24.0,3/24 v SRH,3.0,0.0,25.25,6.96,21.75,23.0,0.0,No record found,No record found,No record found,Retained,40000000.0
203,Evin Lewis,LSG,Batsman ,20000000.0,West Indies,Unknown Batting Style,Unknown Bowling Style,0.0,0.0,0.0,0.0,No record found,0.0,0.0,0.0,0.0,0.0,0.0,0.0,0.0,0.0,0.0,0.0,0.0,0.0,0.0,0.0,No record found,0.0,0.0,0.0,0.0,0.0,0.0,21.0,Capped,RR,"MI, RR",Auctioned,20000000.0
204,Dushmantha Chameera,LSG,Bowler ,20000000.0,Sri Lanka,Right Handed,Right-arm fast,0.0,0.0,0.0,0.0,No record found,0.0,0.0,0.0,0.0,0.0,0.0,0.0,0.0,0.0,0.0,0.0,0.0,0.0,0.0,0.0,No record found,0.0,0.0,0.0,0.0,0.0,0.0,0.0,Capped,RCB,"RR, RCB",Auctioned,20000000.0
205,Krishnappa Gowtham,LSG,All-Rounder ,9000000.0,India,Right Handed,Off break,24.0,19.0,6.0,186.0,33* v MI,0.0,0.0,13.0,12.0,14.3,169.09,10.0,0.0,2.0,1.0,24.0,68.0,0.0,562.0,13.0,2/12 v PBKS,0.0,0.0,43.23,8.26,31.38,24.0,24.0,Capped,CSK,"MI, RR, PBKS, CSK",Auctioned,9000000.0
206,Kyle Mayers,LSG,All-Rounder ,5000000.0,West Indies,Left Handed,Right-arm medium,0.0,0.0,0.0,0.0,No record found,0.0,0.0,0.0,0.0,0.0,0.0,0.0,0.0,0.0,0.0,0.0,0.0,0.0,0.0,0.0,No record found,0.0,0.0,0.0,0.0,0.0,0.0,0.0,Capped,No record found,No record found,Auctioned,5000000.0
207,Shahbaz Nadeem,LSG,Bowler ,5000000.0,India,Right Handed,Slow left-arm orthodox,72.0,22.0,8.0,39.0,6 v PWI,0.0,0.0,2.0,0.0,2.78,44.82,16.0,0.0,9.0,2.0,70.0,235.5,2.0,1784.0,48.0,3/16 v DCH,1.0,0.0,37.16,7.56,29.47,70.0,72.0,Capped,SRH,"DC, SRH",Auctioned,5000000.0
208,Ankit Rajpoot,LSG,Bowler ,5000000.0,India,Right Handed,Right-arm fast,29.0,7.0,2.0,26.0,8 v SRH,0.0,0.0,2.0,1.0,5.2,63.41,4.0,0.0,0.0,1.0,29.0,88.1,1.0,814.0,24.0,5/14 v SRH,1.0,1.0,33.91,9.23,22.04,29.0,29.0,Uncapped,No record found,"CSK, KKR, PBKS, RR",Auctioned,5000000.0
209,Mohsin Khan,LSG,Bowler ,2000000.0,India,Left Handed,Left-arm medium fast,0.0,0.0,0.0,0.0,No record found,0.0,0.0,0.0,0.0,0.0,0.0,0.0,0.0,0.0,0.0,0.0,0.0,0.0,0.0,0.0,No record found,0.0,0.0,0.0,0.0,0.0,0.0,0.0,Uncapped,MI,MI,Auctioned,2000000.0
210,Ayush Badoni,LSG,All-Rounder ,2000000.0,India,Right Handed,Off break,0.0,0.0,0.0,0.0,No record found,0.0,0.0,0.0,0.0,0.0,0.0,0.0,0.0,0.0,0.0,0.0,0.0,0.0,0.0,0.0,No record found,0.0,0.0,0.0,0.0,0.0,0.0,0.0,Uncapped,No record found,No record found,Auctioned,2000000.0
211,Karan Sharma,LSG,All-Rounder ,2000000.0,India,Right Handed,Off break,0.0,0.0,0.0,0.0,No record found,0.0,0.0,0.0,0.0,0.0,0.0,0.0,0.0,0.0,0.0,0.0,0.0,0.0,0.0,0.0,No record found,0.0,0.0,0.0,0.0,0.0,0.0,0.0,Uncapped,No record found,No record found,Auctioned,2000000.0
212,Mayank Yadav,LSG,Bowler ,2000000.0,India,Right Handed,Right-arm medium fast,0.0,0.0,0.0,0.0,No record found,0.0,0.0,0.0,0.0,0.0,0.0,0.0,0.0,0.0,0.0,0.0,0.0,0.0,0.0,0.0,No record found,0.0,0.0,0.0,0.0,0.0,0.0,0.0,Uncapped,No record found,No record found,Auctioned,2000000.0
213,Manan Vohra,LSG,Batsman ,2000000.0,India,Right Handed,Right-arm medium,53.0,49.0,2.0,1054.0,95 v SRH,0.0,3.0,102.0,41.0,22.42,130.6,13.0,0.0,3.0,4.0,0.0,0.0,0.0,0.0,0.0,No record found,0.0,0.0,0.0,0.0,0.0,0.0,53.0,Uncapped,RR,"PBKS, RCB, RR",Auctioned,2000000.0
214,Rashid Khan,GT,Bowler ,150000000.0,Afghanistan,Right Handed,Leg break googly,76.0,35.0,11.0,222.0,34* v KKR,0.0,0.0,17.0,13.0,9.25,137.03,20.0,0.0,11.0,2.0,76.0,302.0,4.0,1912.0,93.0,3/7 v DC,10.0,0.0,20.55,6.33,19.48,76.0,0.0,No record found,No record found,No record found,Retained,150000000.0
215,Hardik Pandya,GT,All-Rounder ,150000000.0,India,Right Handed,Right-arm medium fast,92.0,85.0,31.0,1476.0,91 v KKR,0.0,4.0,97.0,98.0,27.33,153.91,53.0,0.0,5.0,1.0,60.0,144.5,0.0,1313.0,42.0,3/20 v CSK,3.0,0.0,31.26,9.06,20.69,60.0,0.0,No record found,No record found,No record found,Retained,150000000.0
216,Lockie Ferguson,GT,Bowler ,100000000.0,New Zealand,Right Handed,Right-arm fast,22.0,6.0,6.0,62.0,24* v PBKS,0.0,0.0,5.0,2.0,0.0,151.22,3.0,0.0,2.0,0.0,22.0,79.5,1.0,648.0,24.0,3/15 v SRH,2.0,0.0,27.0,8.11,19.95,22.0,22.0,Capped,KKR,"RPS, KKR",Auctioned,100000000.0
217,Rahul Tewatia,GT,All-Rounder ,90000000.0,India,Unknown Batting Style,Unknown Bowling Style,0.0,0.0,0.0,0.0,No record found,0.0,0.0,0.0,0.0,0.0,0.0,0.0,0.0,0.0,0.0,0.0,0.0,0.0,0.0,0.0,No record found,0.0,0.0,0.0,0.0,0.0,0.0,48.0,Uncapped,RR,"PBKS, DC, RR",Auctioned,90000000.0
218,Shubman Gill,GT,Batsman ,80000000.0,India,Right Handed,Off break,58.0,55.0,10.0,1417.0,76 v MI,0.0,10.0,137.0,36.0,31.48,123.0,23.0,0.0,2.0,6.0,0.0,0.0,0.0,0.0,0.0,No record found,0.0,0.0,0.0,0.0,0.0,0.0,0.0,No record found,No record found,No record found,Retained,80000000.0
219,Mohammed Shami,GT,Bowler ,62500000.0,India,Right Handed,Right-arm fast,77.0,23.0,12.0,69.0,21 v RCB,0.0,0.0,5.0,2.0,6.27,94.52,11.0,0.0,7.0,2.0,77.0,278.2,1.0,2402.0,79.0,3/15 v DC,6.0,0.0,30.4,8.62,21.13,77.0,77.0,Capped,PBKS,"KKR, DC, PBKS",Auctioned,62500000.0
220,Yash Dayal,GT,Bowler ,32000000.0,India,Left Handed,Left-arm medium fast,0.0,0.0,0.0,0.0,No record found,0.0,0.0,0.0,0.0,0.0,0.0,0.0,0.0,0.0,0.0,0.0,0.0,0.0,0.0,0.0,No record found,0.0,0.0,0.0,0.0,0.0,0.0,0.0,Uncapped,No record found,No record found,Auctioned,32000000.0
221,Ravisrinivasan Sai Kishore,GT,Bowler ,30000000.0,India,Left Handed,Slow left-arm orthodox,0.0,0.0,0.0,0.0,No record found,0.0,0.0,0.0,0.0,0.0,0.0,0.0,0.0,0.0,0.0,0.0,0.0,0.0,0.0,0.0,No record found,0.0,0.0,0.0,0.0,0.0,0.0,0.0,Uncapped,CSK,CSK,Auctioned,30000000.0
222,David Miller,GT,Batsman ,30000000.0,South Africa,Left Handed,Off break,89.0,86.0,26.0,1974.0,101* v RCB,1.0,10.0,137.0,90.0,32.9,136.51,53.0,0.0,3.0,3.0,0.0,0.0,0.0,0.0,0.0,No record found,0.0,0.0,0.0,0.0,0.0,0.0,89.0,Capped,RR,"PBKS, RR",Auctioned,30000000.0
223,Abhinav Manohar,GT,Batsman ,26000000.0,India,Right Handed,Leg break googly,0.0,0.0,0.0,0.0,No record found,0.0,0.0,0.0,0.0,0.0,0.0,0.0,0.0,0.0,0.0,0.0,0.0,0.0,0.0,0.0,No record found,0.0,0.0,0.0,0.0,0.0,0.0,0.0,No record found,No record found,No record found,Auctioned,26000000.0
224,Alzarri Joseph,GT,Bowler ,24000000.0,West Indies,Right Handed,Right-arm fast medium,3.0,2.0,2.0,15.0,15* v PBKS,0.0,0.0,2.0,0.0,0.0,115.38,1.0,0.0,1.0,0.0,3.0,8.4,1.0,87.0,6.0,6/12 v SRH,0.0,1.0,14.5,10.03,8.66,3.0,3.0,Capped,No record found,MI,Auctioned,24000000.0
225,Matthew Wade,GT,Wicket-Keeper ,24000000.0,Australia,Left Handed,Right-arm medium,3.0,3.0,0.0,22.0,11 v PWI,0.0,0.0,0.0,0.0,7.33,66.66,0.0,0.0,0.0,0.0,0.0,0.0,0.0,0.0,0.0,No record found,0.0,0.0,0.0,0.0,0.0,0.0,3.0,Capped,No record found,DC,Auctioned,24000000.0
226,Jason Roy,GT,Batsman ,20000000.0,England,Right Handed,Unknown Bowling Style,13.0,13.0,2.0,329.0,91* v MI,0.0,2.0,39.0,9.0,29.9,129.02,8.0,0.0,0.0,0.0,0.0,0.0,0.0,0.0,0.0,No record found,0.0,0.0,0.0,0.0,0.0,0.0,13.0,Capped,SRH,"GL, DC, SRH",Auctioned,20000000.0
227,Wriddhiman Saha,GT,Wicket-Keeper ,19000000.0,India,Right Handed,Unknown Bowling Style,133.0,108.0,22.0,2110.0,115* v KKR,1.0,8.0,191.0,69.0,24.53,128.73,69.0,20.0,6.0,8.0,0.0,0.0,0.0,0.0,0.0,No record found,0.0,0.0,0.0,0.0,0.0,0.0,133.0,Capped,SRH,"KKR, CSK, PBKS, SRH",Auctioned,19000000.0
228,Jayant Yadav,GT,All-Rounder ,17000000.0,India,Right Handed,Off break,19.0,5.0,1.0,40.0,23 v DC,0.0,0.0,2.0,1.0,10.0,111.11,6.0,0.0,1.0,2.0,19.0,61.0,0.0,419.0,8.0,1/8 v CSK,0.0,0.0,52.37,6.86,45.75,19.0,19.0,Capped,MI,"DC, MI",Auctioned,17000000.0
229,Vijay Shankar,GT,All-Rounder ,14000000.0,India,Right Handed,Right-arm medium,47.0,39.0,12.0,712.0,63* v GL,0.0,3.0,45.0,28.0,26.37,126.24,21.0,0.0,3.0,1.0,20.0,38.1,0.0,329.0,9.0,2/19 v MI,0.0,0.0,36.55,8.62,25.44,20.0,47.0,Capped,SRH,"CSK, DC, SRH",Auctioned,14000000.0
230,Dominic Drakes,GT,All-Rounder ,11000000.0,West Indies,Left Handed,Left-arm fast medium,0.0,0.0,0.0,0.0,No record found,0.0,0.0,0.0,0.0,0.0,0.0,0.0,0.0,0.0,0.0,0.0,0.0,0.0,0.0,0.0,No record found,0.0,0.0,0.0,0.0,0.0,0.0,0.0,Capped,CSK,CSK,Auctioned,11000000.0
231,Varun Aaron,GT,Bowler ,5000000.0,India,Right Handed,Right-arm fast,50.0,13.0,8.0,50.0,17* v PBKS,0.0,0.0,2.0,2.0,10.0,69.44,3.0,0.0,5.0,2.0,48.0,160.4,2.0,1429.0,42.0,3/16 v KKR,1.0,0.0,34.02,8.89,22.95,48.0,50.0,Capped,No record found,"DC, RCB, PBKS, RR",Auctioned,5000000.0
232,Gurkeerat Singh Mann,GT,All-Rounder ,5000000.0,India,Right Handed,Off break,41.0,32.0,8.0,511.0,65 v SRH,0.0,2.0,55.0,11.0,21.29,121.09,19.0,1.0,4.0,1.0,6.0,13.0,0.0,97.0,5.0,2/15 v RPS,0.0,0.0,19.4,7.46,15.6,6.0,0.0,No record found,No record found,No record found,Auctioned,5000000.0
233,Noor Ahmad,GT,Bowler ,3000000.0,Afghanistan,Right Handed,Slow left-arm chinaman,0.0,0.0,0.0,0.0,No record found,0.0,0.0,0.0,0.0,0.0,0.0,0.0,0.0,0.0,0.0,0.0,0.0,0.0,0.0,0.0,No record found,0.0,0.0,0.0,0.0,0.0,0.0,0.0,Uncapped,No record found,No record found,Auctioned,3000000.0
234,Darshan Nalkande,GT,All-Rounder ,2000000.0,India,Right Handed,Right-arm fast medium,0.0,0.0,0.0,0.0,No record found,0.0,0.0,0.0,0.0,0.0,0.0,0.0,0.0,0.0,0.0,0.0,0.0,0.0,0.0,0.0,No record found,0.0,0.0,0.0,0.0,0.0,0.0,0.0,Uncapped,PBKS,PBKS,Auctioned,2000000.0
235,Sai Sudharsan,GT,All-Rounder ,2000000.0,India,Left Handed,Leg break,0.0,0.0,0.0,0.0,No record found,0.0,0.0,0.0,0.0,0.0,0.0,0.0,0.0,0.0,0.0,0.0,0.0,0.0,0.0,0.0,No record found,0.0,0.0,0.0,0.0,0.0,0.0,0.0,No record found,No record found,No record found,Auctioned,2000000.0
236,Pradeep Sangwan,GT,All-Rounder ,2000000.0,India,Right Handed,Left-arm medium,39.0,14.0,7.0,24.0,6* v MI,0.0,0.0,1.0,0.0,3.42,61.53,6.0,0.0,6.0,1.0,39.0,133.4,1.0,1175.0,35.0,3/18 v DCH,3.0,0.0,33.57,8.79,22.91,39.0,39.0,Uncapped,No record found,"DC, KKR, GL, MI",Auctioned,2000000.0
